{
    "keyboard_name": "yk60",
    "manufacturer": "yushakobo",
    "maintainer": "Marby3",
    "bootloader": "rp2040",
    "diode_direction": "COL2ROW",
    "bootloader_instructions": "While holding down the BOOT button on the back of the keyboard, connect the USB and drag & drop the uf2 file.",
    "firmware_format": "uf2",
    "features": {
        "bootmagic": false,
        "extrakey": true,
        "mousekey": true,
        "nkro": true,
        "rgb_matrix": true,
        "via": true
    },
    "matrix_pins": {
        "cols": ["GP17", "GP16", "GP15", "GP14", "GP13", "GP12", "GP11", "GP10", "GP9", "GP8", "GP7", "GP6", "GP5", "GP4"],
        "rows": ["GP22", "GP21", "GP20", "GP19", "GP18"]
    },
    "processor": "RP2040",
    "url": "https://shop.yushakobo.jp/products/yk60",
    "usb": {
        "device_version": "1.0.0",
        "pid": "0x001B",
        "vid": "0x3265"
    },
    "dynamic_keymap": {
        "layer_count": 4
    },
    "rgb_matrix": {
        "driver": "ws2812",
		"sleep": true,
		"timeout": 120000,
		"max_brightness": 160,
		"hue_steps": 4,
		"sat_steps": 4,
		"val_steps": 4,
		"speed_steps": 4,
		"default": {
			"animation": "solid_color"
		},
		"animations": {
            "solid_color": true,
            "alphas_mods": true,
			"gradient_up_down": true,
			"gradient_left_right": true,
			"breathing": true,
			"band_sat": true,
			"band_val": true,
			"band_pinwheel_sat": true,
			"band_pinwheel_val": true,
			"band_spiral_sat": true,
			"band_spiral_val": true,
			"cycle_all": true,
			"cycle_left_right": true,
			"cycle_up_down": true,
			"cycle_out_in": true,
			"cycle_out_in_dual": true,
			"rainbow_moving_chevron": true,
			"cycle_pinwheel": true,
			"cycle_spiral": true,
			"dual_beacon": true,
			"rainbow_beacon": true,
			"rainbow_pinwheels": true,
			"raindrops": true,
			"jellybean_raindrops": true,
			"hue_breathing": true,
			"hue_pendulum": true,
			"hue_wave": true,
			"pixel_fractal": true,
			"pixel_flow": true,
			"pixel_rain": true,
			"typing_heatmap": true,
			"digital_rain": true,
			"solid_reactive_simple": true,
			"solid_reactive": true,
			"solid_reactive_wide": true,
			"solid_reactive_multiwide": true,
			"solid_reactive_cross": true,
			"solid_reactive_multicross": true,
			"solid_reactive_nexus": true,
			"solid_reactive_multinexus": true,
			"splash": true,
			"multisplash": true,
			"solid_splash": true,
			"solid_multisplash": true,
            "starlight": true,
            "starlight_dual_sat": true,
            "starlight_dual_hue": true,
            "riverflow": true
		},
        "layout": [
            {"matrix": [0, 0],  "x": 0,   "y": 0,  "flags": 4},
            {"matrix": [0, 1],  "x": 16,  "y": 0,  "flags": 4},
            {"matrix": [0, 2],  "x": 32,  "y": 0,  "flags": 4},
            {"matrix": [0, 3],  "x": 48,  "y": 0,  "flags": 4},
            {"matrix": [0, 4],  "x": 64,  "y": 0,  "flags": 4},
            {"matrix": [0, 5],  "x": 80,  "y": 0,  "flags": 4},
            {"matrix": [0, 6],  "x": 96,  "y": 0,  "flags": 4},
            {"matrix": [0, 7],  "x": 112, "y": 0,  "flags": 4},
            {"matrix": [0, 8],  "x": 128, "y": 0,  "flags": 4},
            {"matrix": [0, 9],  "x": 144, "y": 0,  "flags": 4},
            {"matrix": [0, 10], "x": 160, "y": 0,  "flags": 4},
            {"matrix": [0, 11], "x": 176, "y": 0,  "flags": 4},
            {"matrix": [0, 12], "x": 192, "y": 0,  "flags": 4},
            {"matrix": [0, 13], "x": 216, "y": 0,  "flags": 4},
            {"matrix": [1, 13], "x": 220, "y": 16, "flags": 4},
            {"matrix": [1, 12], "x": 200, "y": 16, "flags": 4},
            {"matrix": [1, 11], "x": 184, "y": 16, "flags": 4},
            {"matrix": [1, 10], "x": 168, "y": 16, "flags": 4},
            {"matrix": [1, 9],  "x": 152, "y": 16, "flags": 4},
            {"matrix": [1, 8],  "x": 136, "y": 16, "flags": 4},
            {"matrix": [1, 7],  "x": 120, "y": 16, "flags": 4},
            {"matrix": [1, 6],  "x": 104, "y": 16, "flags": 4},
            {"matrix": [1, 5],  "x": 88,  "y": 16, "flags": 4},
            {"matrix": [1, 4],  "x": 72,  "y": 16, "flags": 4},
            {"matrix": [1, 3],  "x": 56,  "y": 16, "flags": 4},
            {"matrix": [1, 2],  "x": 40,  "y": 16, "flags": 4},
            {"matrix": [1, 1],  "x": 24,  "y": 16, "flags": 4},
            {"matrix": [1, 0],  "x": 8,   "y": 16, "flags": 4},
            {"matrix": [2, 0],  "x": 12,  "y": 32, "flags": 4},
            {"matrix": [2, 1],  "x": 28,  "y": 32, "flags": 4},
            {"matrix": [2, 2],  "x": 44,  "y": 32, "flags": 4},
            {"matrix": [2, 3],  "x": 60,  "y": 32, "flags": 4},
            {"matrix": [2, 4],  "x": 76,  "y": 32, "flags": 4},
            {"matrix": [2, 5],  "x": 92,  "y": 32, "flags": 4},
            {"matrix": [2, 6],  "x": 108, "y": 32, "flags": 4},
            {"matrix": [2, 7],  "x": 124, "y": 32, "flags": 4},
            {"matrix": [2, 8],  "x": 140, "y": 32, "flags": 4},
            {"matrix": [2, 9],  "x": 156, "y": 32, "flags": 4},
            {"matrix": [2, 10], "x": 172, "y": 32, "flags": 4},
            {"matrix": [2, 11], "x": 188, "y": 32, "flags": 4},
            {"matrix": [2, 13], "x": 214, "y": 32, "flags": 4},
            {"matrix": [3, 13], "x": 224, "y": 48, "flags": 4},
            {"matrix": [3, 12], "x": 208, "y": 48, "flags": 4},
            {"matrix": [3, 11], "x": 186, "y": 48, "flags": 4},
            {"matrix": [3, 9],  "x": 164, "y": 48, "flags": 4},
            {"matrix": [3, 8],  "x": 148, "y": 48, "flags": 4},
            {"matrix": [3, 7],  "x": 132, "y": 48, "flags": 4},
            {"matrix": [3, 6],  "x": 116, "y": 48, "flags": 4},
            {"matrix": [3, 5],  "x": 100, "y": 48, "flags": 4},
            {"matrix": [3, 4],  "x": 84,  "y": 48, "flags": 4},
            {"matrix": [3, 3],  "x": 68,  "y": 48, "flags": 4},
            {"matrix": [3, 2],  "x": 52,  "y": 48, "flags": 4},
            {"matrix": [3, 1],  "x": 36,  "y": 48, "flags": 4},
            {"matrix": [3, 0],  "x": 10,  "y": 48, "flags": 4},
            {"matrix": [4, 0],  "x": 2,   "y": 64, "flags": 4},
            {"matrix": [4, 1],  "x": 22,  "y": 64, "flags": 4},
            {"matrix": [4, 2],  "x": 42,  "y": 64, "flags": 4},
            {"matrix": [4, 5],  "x": 101, "y": 64, "flags": 4},
            {"matrix": [4, 9],  "x": 160, "y": 64, "flags": 4},
            {"matrix": [4, 10], "x": 176, "y": 64, "flags": 4},
            {"matrix": [4, 11], "x": 192, "y": 64, "flags": 4},
            {"matrix": [4, 12], "x": 208, "y": 64, "flags": 4},
            {"matrix": [4, 13], "x": 224, "y": 64, "flags": 4}
        ]
    },
    "ws2812": {
        "pin": "GP23",
        "driver": "vendor"
    },
    "layouts": {
        "LAYOUT_60_ansi_arrow": {
            "layout": [
                {"matrix": [0, 0],  "x": 0,     "y": 0},
                {"matrix": [0, 1],  "x": 1,     "y": 0},
                {"matrix": [0, 2],  "x": 2,     "y": 0},
                {"matrix": [0, 3],  "x": 3,     "y": 0},
                {"matrix": [0, 4],  "x": 4,     "y": 0},
                {"matrix": [0, 5],  "x": 5,     "y": 0},
                {"matrix": [0, 6],  "x": 6,     "y": 0},
                {"matrix": [0, 7],  "x": 7,     "y": 0},
                {"matrix": [0, 8],  "x": 8,     "y": 0},
                {"matrix": [0, 9],  "x": 9,     "y": 0},
                {"matrix": [0, 10], "x": 10,    "y": 0},
                {"matrix": [0, 11], "x": 11,    "y": 0},
                {"matrix": [0, 12], "x": 12,    "y": 0},
                {"matrix": [0, 13], "x": 13,    "y": 0, "w": 2},
                {"matrix": [1, 0],  "x": 0,     "y": 1, "w": 1.5},
                {"matrix": [1, 1],  "x": 1.5,   "y": 1},
                {"matrix": [1, 2],  "x": 2.5,   "y": 1},
                {"matrix": [1, 3],  "x": 3.5,   "y": 1},
                {"matrix": [1, 4],  "x": 4.5,   "y": 1},
                {"matrix": [1, 5],  "x": 5.5,   "y": 1},
                {"matrix": [1, 6],  "x": 6.5,   "y": 1},
                {"matrix": [1, 7],  "x": 7.5,   "y": 1},
                {"matrix": [1, 8],  "x": 8.5,   "y": 1},
                {"matrix": [1, 9],  "x": 9.5,   "y": 1},
                {"matrix": [1, 10], "x": 10.5,  "y": 1},
                {"matrix": [1, 11], "x": 11.5,  "y": 1},
                {"matrix": [1, 12], "x": 12.5,  "y": 1},
                {"matrix": [1, 13], "x": 13.5,  "y": 1, "w": 1.5},
                {"matrix": [2, 0],  "x": 0,     "y": 2, "w": 1.75},
                {"matrix": [2, 1],  "x": 1.75,  "y": 2},
                {"matrix": [2, 2],  "x": 2.75,  "y": 2},
                {"matrix": [2, 3],  "x": 3.75,  "y": 2},
                {"matrix": [2, 4],  "x": 4.75,  "y": 2},
                {"matrix": [2, 5],  "x": 5.75,  "y": 2},
                {"matrix": [2, 6],  "x": 6.75,  "y": 2},
                {"matrix": [2, 7],  "x": 7.75,  "y": 2},
                {"matrix": [2, 8],  "x": 8.75,  "y": 2},
                {"matrix": [2, 9],  "x": 9.75,  "y": 2},
                {"matrix": [2, 10], "x": 10.75, "y": 2},
                {"matrix": [2, 11], "x": 11.75, "y": 2},
                {"matrix": [2, 13], "x": 12.75, "y": 2, "w": 2.25},
                {"matrix": [3, 0],  "x": 0,     "y": 3, "w": 2.25},
                {"matrix": [3, 1],  "x": 2.25,  "y": 3},
                {"matrix": [3, 2],  "x": 3.25,  "y": 3},
                {"matrix": [3, 3],  "x": 4.25,  "y": 3},
                {"matrix": [3, 4],  "x": 5.25,  "y": 3},
                {"matrix": [3, 5],  "x": 6.25,  "y": 3},
                {"matrix": [3, 6],  "x": 7.25,  "y": 3},
                {"matrix": [3, 7],  "x": 8.25,  "y": 3},
                {"matrix": [3, 8],  "x": 9.25,  "y": 3},
                {"matrix": [3, 9],  "x": 10.25, "y": 3},
                {"matrix": [3, 11], "x": 11.25, "y": 3, "w": 1.75},
                {"matrix": [3, 12], "x": 13,    "y": 3},
                {"matrix": [3, 13], "x": 14,    "y": 3},
                {"matrix": [4, 0],  "x": 0,     "y": 4, "w": 1.25},
                {"matrix": [4, 1],  "x": 1.25,  "y": 4, "w": 1.25},
                {"matrix": [4, 2],  "x": 2.5,   "y": 4, "w": 1.25},
                {"matrix": [4, 5],  "x": 3.75,  "y": 4, "w": 6.25},
                {"matrix": [4, 9],  "x": 10,    "y": 4},
                {"matrix": [4, 10], "x": 11,    "y": 4},
                {"matrix": [4, 11], "x": 12,    "y": 4},
                {"matrix": [4, 12], "x": 13,    "y": 4},
                {"matrix": [4, 13], "x": 14,    "y": 4}
            ]
        }
    }
}
