{
  "name": "Ieneko42c",
  "pid": "0x1535",
  "vid": "0x7A79",
  "lighting": "vialrgb",
  "matrix": {
    "rows": 6,
    "cols": 12
  },
  "customKeycodes": [
    {
      "shortName": "Layer\nUP",
      "title": "Layer UP",
      "name": "U_Layer_UP"
    },
    {
      "shortName": "Layer\nDOWN",
      "title": "Layer DOWN",
      "name": "U_Layer_DOWN"
    },
    {
      "shortName": "Mouse\nAccel 2",
      "title": "Mouse Accel 2",
      "name": "U_M_ACL_2x"
    },
    {
      "shortName": "Mouse\nAccel 4",
      "title": "Mouse Accel 4",
      "name": "U_M_ACL_4x"
    },
    {
      "shortName": "Mouse\nAccel 1/2",
      "title": "Mouse Accel 1/2",
      "name": "U_M_ACL_HALF"
    },
    {
      "shortName": "Mouse\nAccel 1/4",
      "title": "Mouse  1/4",
      "name": "U_M_ACL_QUARTER"
    },
    {
      "shortName": "Scroll\nAccell 2",
      "title": "Scroll Step2",
      "name": "U_S_ACL_2x"
    },
    {
      "shortName": "Scroll\nAccell 4",
      "title": "Scroll Step4",
      "name": "U_S_ACL_4x"
    },
    {
      "shortName": "Scroll\nAccell 8",
      "title": "Scroll Step8",
      "name": "U_S_ACL_8x"
    },
    {
      "shortName": "Pomodoro\nToggle",
      "title": "Pomodoro Toggle",
      "name": "U_POMODR_TGL"
    },
    {
      "shortName": "EEPROM\nClear",
      "title": "EEPROM Clear",
      "name": "U_EEP_CLR"
    },
    {
      "shortName": "Horizon\nScroll",
      "title": "Horizon Scroll",
      "name": "U_H_SCROLL"
    }
  ],
  "layouts": {
    "labels": [],
    "keymap": [
      [
        {
          "sm": "cherry"
        },
        "0,0",
        "0,1",
        "0,2",
        "0,3",
        "0,4",
        "0,5",
        {
          "x": 0.75
        },
        "0,6",
        "0,7",
        "0,8",
        "0,9",
        "0,10",
        "0,11"
      ],
      [
        "1,0",
        "1,1",
        "1,2",
        "1,3",
        "1,4",
        "1,5",
        {
          "x": 0.75
        },
        "1,6",
        "1,7",
        "1,8",
        "1,9",
        "1,10",
        "1,11"
      ],
      [
        "2,0",
        "2,1",
        "2,2",
        "2,3",
        "2,4",
        "2,5",
        {
          "x": 0.75
        },
        "2,6",
        "2,7",
        "2,8",
        "2,9",
        "2,10",
        "2,11"
      ],
      [
        {
          "x": 3
        },
        "3,3",
        "3,4",
        "3,5",
        {
          "x": 0.75
        },
        "3,6",
        "3,7",
        "3,8"   
      ],
      [{"y":0.5},"4,0","4,1", {"x":1.0},"4,2","4,3", {"x":1.0},"4,4","4,5",{"x":1.0},"4,6","4,7"],
      [{"y":0.25},"4,9","4,10","4,11", {"x":1.0},"5,0",{"x":1.0},"4,8"]
    ]
  }
}