{
  "name": "Ieneko42c",
  "pid": "0x1535",
  "vid": "0x7A79",
  "lighting": "vialrgb",
  "matrix": {
    "rows": 5,
    "cols": 12
  },
  "customKeycodes": [
    {
      "shortName": "Drag\nDrop\nToggle",
      "title": "Toggle Drag&Drop",
      "name": "U_DRG_TOGG"
    },
    {
      "shortName": "Drag\nDrop\nMode",
      "title": "Change Drag&Drop Mode",
      "name": "U_DRG_MODE"
    },
    {
      "shortName": "HP\nLayer\nToggle",
      "title": "Toggle HP Layer",
      "name": "U_HPL_TOGG"
    },
    {
      "shortName": "Tpad\nLayer\nToggle",
      "title": "Toggle TrackPad Layer",
      "name": "U_TPL_TOGG"
    },
    {
      "shortName": "Send\nString\nToggle",
      "title": "Toggle Send String",
      "name": "U_SEND_STR_TOGG"
    },
    {
      "shortName": "Send\nSetting",
      "title": "Send String User Setting",
      "name": "U_SEND_SETTING"
    },
    {
      "shortName": "Reset\nSetting",
      "title": "Reset Setting",
      "name": "U_RESET_SETTING"
    },
    {
      "shortName": "Scroll\nStep1",
      "title": "Scroll Step1",
      "name": "U_S_STP1"
    },
    {
      "shortName": "Scroll\nStep2",
      "title": "Scroll Step2",
      "name": "U_S_STP2"
    },
    {
      "shortName": "Scroll\nStep3",
      "title": "Scroll Step3",
      "name": "U_S_STP3"
    }, 
    {
      "shortName": "Mouse\nAccel0",
      "title": "Mouse Accel0",
      "name": "U_M_ACL0"
    },
    {
      "shortName": "Mouse\nAccel1",
      "title": "Mouse Accel1",
      "name": "U_M_ACL1"
    },
    {
      "shortName": "Mouse\nAccel2",
      "title": "Mouse Accel2",
      "name": "U_M_ACL2"
    }
  ],
  "layouts": {
    "labels": [],
    "keymap": [
      [
        {
          "sm": "cherry"
        },
        "0,0",
        "0,1",
        "0,2",
        "0,3",
        "0,4",
        "0,5",
        {
          "x": 0.75
        },
        "0,6",
        "0,7",
        "0,8",
        "0,9",
        "0,10",
        "0,11"
      ],
      [
        "1,0",
        "1,1",
        "1,2",
        "1,3",
        "1,4",
        "1,5",
        {
          "x": 0.75
        },
        "1,6",
        "1,7",
        "1,8",
        "1,9",
        "1,10",
        "1,11"
      ],
      [
        "2,0",
        "2,1",
        "2,2",
        "2,3",
        "2,4",
        "2,5",
        {
          "x": 0.75
        },
        "2,6",
        "2,7",
        "2,8",
        "2,9",
        "2,10",
        "2,11"
      ],
      [
        {
          "x": 3
        },
        "3,3",
        "3,4",
        "3,5",
        {
          "x": 0.75
        },
        "3,6",
        "3,7",
        "3,8"   
      ],
      [{"y":0.5},"4,0","4,1", {"x":1.0},"4,2","4,3", {"x":1.0},"4,4","4,5",{"x":1.0},"4,6","4,7",{"x":1.0},"4,8"]
    ]
  }
}