{
  "manufacturer": "Daraku-Neko",
  "keyboard_name": "Yamada Kakuko",
  "maintainer": "Daraku-Neko",
  "bootloader": "rp2040",
  "diode_direction": "COL2ROW",
  "features": {
    "bootmagic": true,
    "command": false,
    "console": false,
    "extrakey": true,
    "mousekey": true,
    "nkro": true,
    "rgb_matrix": true,
    "encoder": true
  },
  "caps_word": {
    "enabled": true,
    "double_tap_shift_turns_on": true
  },
  "ws2812": {
    "driver": "vendor",
    "pin": "GP0"
  },
  "rgb_matrix": {
    "driver": "WS2812",
    "animations": {
        "alphas_mods": true,
        "gradient_up_down": true,
        "gradient_left_right": true,
        "breathing": true,
        "band_sat": true,
        "band_val": true,
        "band_pinwheel_sat": true,
        "band_pinwheel_val": true,
        "band_spiral_sat": true,
        "band_spiral_val": true,
        "cycle_all": true,
        "cycle_left_right": true,
        "cycle_up_down": true,
        "cycle_out_in": true,
        "cycle_out_in_dual": true,
        "rainbow_moving_chevron": true,
        "cycle_pinwheel": true,
        "cycle_spiral": true,
        "dual_beacon": true,
        "rainbow_beacon": true,
        "rainbow_pinwheels": true,
        "raindrops": true,
        "jellybean_raindrops": true,
        "hue_breathing": true,
        "hue_pendulum": true,
        "hue_wave": true,
        "pixel_fractal": true,
        "pixel_flow": true,
        "pixel_rain": true,
        "typing_heatmap": true,
        "digital_rain": true,
        "solid_reactive_simple": true,
        "solid_reactive": true,
        "solid_reactive_wide": true,
        "solid_reactive_multiwide": true,
        "solid_reactive_cross": true,
        "solid_reactive_multicross": true,
        "solid_reactive_nexus": true,
        "solid_reactive_multinexus": true,
        "splash": true,
        "multisplash": true,
        "solid_splash": true,
        "solid_multisplash": true
    }
  },
  "matrix_pins": {
    "rows": [
      "GP1",
      "GP2",
      "GP3",
      "GP4",
      "GP5",
      "GP6"
    ],
    "cols": [
      "GP7",
      "GP8",
      "GP9",
      "GP10",
      "GP11",
      "GP12",
      "GP13",
      "GP14",
      "GP15",
      "GP16",
      "GP17",
      "GP18",
      "GP19",
      "GP20",
      "GP21",
      "GP22",
      "GP23"
    ]
  },
  "encoder": {
		"rotary": [
			{
				"pin_a": "GP24",
				"pin_b": "GP25"
			},
			{
				"pin_a": "GP26",
				"pin_b": "GP27"
			},
			{
				"pin_a": "GP28",
				"pin_b": "GP29"
			}
		]
	},
  "processor": "RP2040",
  "url": "",
  "usb": {
    "device_version": "1.0.0",
    "pid": "0x1538",
    "vid": "0x7A79"
  },
  "layouts": {
    "LAYOUT": {
      "layout": [
        {
          "label": "ESC",
          "matrix": [
            0,
            0
          ],
          "x": 0,
          "y": 0
        },
        {
          "label": "F1",
          "matrix": [
            0,
            1
          ],
          "x": 1,
          "y": 0
        },
        {
          "label": "F2",
          "matrix": [
            0,
            2
          ],
          "x": 2,
          "y": 0
        },
        {
          "label": "F3",
          "matrix": [
            0,
            3
          ],
          "x": 3,
          "y": 0
        },
        {
          "label": "F4",
          "matrix": [
            0,
            4
          ],
          "x": 4,
          "y": 0
        },
        {
          "label": "F5",
          "matrix": [
            0,
            5
          ],
          "x": 5,
          "y": 0
        },
        {
          "label": "F6",
          "matrix": [
            0,
            6
          ],
          "x": 6,
          "y": 0
        },
        {
          "label": "F7",
          "matrix": [
            0,
            7
          ],
          "x": 7,
          "y": 0
        },
        {
          "label": "F8",
          "matrix": [
            0,
            8
          ],
          "x": 8,
          "y": 0
        },
        {
          "label": "F9",
          "matrix": [
            0,
            9
          ],
          "x": 9,
          "y": 0
        },
        {
          "label": "F10",
          "matrix": [
            0,
            10
          ],
          "x": 10,
          "y": 0
        },
        {
          "label": "F11",
          "matrix": [
            0,
            11
          ],
          "x": 11,
          "y": 0
        },
        {
          "label": "F12",
          "matrix": [
            0,
            12
          ],
          "x": 12,
          "y": 0
        },
        {
          "label": "KC_NUM",
          "matrix": [
            0,
            13
          ],
          "x": 13.25,
          "y": 0
        },
        {
          "label": "Home",
          "matrix": [
            0,
            14
          ],
          "x": 14.25,
          "y": 0
        },
        {
          "label": "End",
          "matrix": [
            0,
            15
          ],
          "x": 15.25,
          "y": 0
        },
        {
          "label": "`",
          "matrix": [
            1,
            0
          ],
          "x": 0,
          "y": 1.25
        },
        {
          "label": "1",
          "matrix": [
            1,
            1
          ],
          "x": 1,
          "y": 1.25
        },
        {
          "label": "2",
          "matrix": [
            1,
            2
          ],
          "x": 2,
          "y": 1.25
        },
        {
          "label": "3",
          "matrix": [
            1,
            3
          ],
          "x": 3,
          "y": 1.25
        },
        {
          "label": "4",
          "matrix": [
            1,
            4
          ],
          "x": 4,
          "y": 1.25
        },
        {
          "label": "5",
          "matrix": [
            1,
            5
          ],
          "x": 5,
          "y": 1.25
        },
        {
          "label": "6",
          "matrix": [
            1,
            6
          ],
          "x": 6,
          "y": 1.25
        },
        {
          "label": "7",
          "matrix": [
            1,
            7
          ],
          "x": 7,
          "y": 1.25
        },
        {
          "label": "8",
          "matrix": [
            1,
            8
          ],
          "x": 8,
          "y": 1.25
        },
        {
          "label": "9",
          "matrix": [
            1,
            9
          ],
          "x": 9,
          "y": 1.25
        },
        {
          "label": "0",
          "matrix": [
            1,
            10
          ],
          "x": 10,
          "y": 1.25
        },
        {
          "label": "-",
          "matrix": [
            1,
            11
          ],
          "x": 11,
          "y": 1.25
        },
        {
          "label": "=",
          "matrix": [
            1,
            12
          ],
          "x": 12,
          "y": 1.25
        },
        {
          "label": "KC_PSLS",
          "matrix": [
            1,
            13
          ],
          "x": 13.25,
          "y": 1.2516
        },
        {
          "label": "KC_PAST",
          "matrix": [
            1,
            14
          ],
          "x": 14.25,
          "y": 1.25
        },
        {
          "label": "KC_PMNS",
          "matrix": [
            1,
            15
          ],
          "x": 15.25,
          "y": 1.25
        },
        {
          "label": "Tab",
          "matrix": [
            2,
            0
          ],
          "x": 0,
          "y": 2.25
        },
        {
          "label": "q",
          "matrix": [
            2,
            1
          ],
          "x": 1,
          "y": 2.25
        },
        {
          "label": "w",
          "matrix": [
            2,
            2
          ],
          "x": 2,
          "y": 2.25
        },
        {
          "label": "e",
          "matrix": [
            2,
            3
          ],
          "x": 3,
          "y": 2.25
        },
        {
          "label": "r",
          "matrix": [
            2,
            4
          ],
          "x": 4,
          "y": 2.25
        },
        {
          "label": "t",
          "matrix": [
            2,
            5
          ],
          "x": 5,
          "y": 2.25
        },
        {
          "label": "y",
          "matrix": [
            2,
            6
          ],
          "x": 6,
          "y": 2.25
        },
        {
          "label": "u",
          "matrix": [
            2,
            7
          ],
          "x": 7,
          "y": 2.25
        },
        {
          "label": "i",
          "matrix": [
            2,
            8
          ],
          "x": 8,
          "y": 2.25
        },
        {
          "label": "o",
          "matrix": [
            2,
            9
          ],
          "x": 9,
          "y": 2.25
        },
        {
          "label": "p",
          "matrix": [
            2,
            10
          ],
          "x": 10,
          "y": 2.25
        },
        {
          "label": "[",
          "matrix": [
            2,
            11
          ],
          "x": 11,
          "y": 2.25
        },
        {
          "label": "]",
          "matrix": [
            2,
            12
          ],
          "x": 12,
          "y": 2.25
        },
        {
          "label": "KC_P7",
          "matrix": [
            2,
            13
          ],
          "x": 13.25,
          "y": 2.25
        },
        {
          "label": "KC_P8",
          "matrix": [
            2,
            14
          ],
          "x": 14.25,
          "y": 2.25
        },
        {
          "label": "KC_P9",
          "matrix": [
            2,
            15
          ],
          "x": 15.25,
          "y": 2.25
        },
        {
          "label": "Left Control",
          "matrix": [
            3,
            0
          ],
          "x": 0,
          "y": 3.25
        },
        {
          "label": "a",
          "matrix": [
            3,
            1
          ],
          "x": 1,
          "y": 3.25
        },
        {
          "label": "s",
          "matrix": [
            3,
            2
          ],
          "x": 2,
          "y": 3.25
        },
        {
          "label": "d",
          "matrix": [
            3,
            3
          ],
          "x": 3,
          "y": 3.25
        },
        {
          "label": "f",
          "matrix": [
            3,
            4
          ],
          "x": 4,
          "y": 3.25
        },
        {
          "label": "g",
          "matrix": [
            3,
            5
          ],
          "x": 5,
          "y": 3.25
        },
        {
          "label": "h",
          "matrix": [
            3,
            6
          ],
          "x": 6,
          "y": 3.25
        },
        {
          "label": "j",
          "matrix": [
            3,
            7
          ],
          "x": 7,
          "y": 3.25
        },
        {
          "label": "k",
          "matrix": [
            3,
            8
          ],
          "x": 8,
          "y": 3.25
        },
        {
          "label": "l",
          "matrix": [
            3,
            9
          ],
          "x": 9,
          "y": 3.25
        },
        {
          "label": ";",
          "matrix": [
            3,
            10
          ],
          "x": 10,
          "y": 3.25
        },
        {
          "label": "'",
          "matrix": [
            3,
            11
          ],
          "x": 11,
          "y": 3.25
        },
        {
          "label": "Enter",
          "matrix": [
            3,
            12
          ],
          "x": 12,
          "y": 3.25
        },
        {
          "label": "KC_P4",
          "matrix": [
            3,
            13
          ],
          "x": 13.25,
          "y": 3.25
        },
        {
          "label": "KC_P5",
          "matrix": [
            3,
            14
          ],
          "x": 14.25,
          "y": 3.25
        },
        {
          "label": "KC_P6",
          "matrix": [
            3,
            15
          ],
          "x": 15.25,
          "y": 3.25
        },
        {
          "label": "KC_MPLY",
          "matrix": [
            3,
            16
          ],
          "x": 16.25,
          "y": 0
        },
        {
          "label": "Left Shift",
          "matrix": [
            4,
            0
          ],
          "x": 0,
          "y": 4.25
        },
        {
          "label": "z",
          "matrix": [
            4,
            1
          ],
          "x": 1,
          "y": 4.25
        },
        {
          "label": "x",
          "matrix": [
            4,
            2
          ],
          "x": 2,
          "y": 4.25
        },
        {
          "label": "c",
          "matrix": [
            4,
            3
          ],
          "x": 3,
          "y": 4.25
        },
        {
          "label": "v",
          "matrix": [
            4,
            4
          ],
          "x": 4,
          "y": 4.25
        },
        {
          "label": "b",
          "matrix": [
            4,
            5
          ],
          "x": 5,
          "y": 4.25
        },
        {
          "label": "n",
          "matrix": [
            4,
            6
          ],
          "x": 6,
          "y": 4.25
        },
        {
          "label": "m",
          "matrix": [
            4,
            7
          ],
          "x": 7,
          "y": 4.25
        },
        {
          "label": ",",
          "matrix": [
            4,
            8
          ],
          "x": 8,
          "y": 4.25
        },
        {
          "label": ".",
          "matrix": [
            4,
            9
          ],
          "x": 9,
          "y": 4.25
        },
        {
          "label": "/",
          "matrix": [
            4,
            10
          ],
          "x": 10,
          "y": 4.25
        },
        {
          "label": "\\",
          "matrix": [
            4,
            11
          ],
          "x": 11,
          "y": 4.25
        },
        {
          "label": "Right Shift",
          "matrix": [
            4,
            12
          ],
          "x": 12,
          "y": 4.25
        },
        {
          "label": "KC_P1",
          "matrix": [
            4,
            13
          ],
          "x": 13.25,
          "y": 4.25
        },
        {
          "label": "KC_P2",
          "matrix": [
            4,
            14
          ],
          "x": 14.25,
          "y": 4.25
        },
        {
          "label": "KC_P3",
          "matrix": [
            4,
            15
          ],
          "x": 15.25,
          "y": 4.25
        },
        {
          "label": "KC_MUTE",
          "matrix": [
            4,
            16
          ],
          "x": 16.25,
          "y": 1.25
        },
        {
          "label": "MO(1)",
          "matrix": [
            5,
            0
          ],
          "x": 0,
          "y": 5.25
        },
        {
          "label": "Left GUI",
          "matrix": [
            5,
            1
          ],
          "x": 1,
          "y": 5.25
        },
        {
          "label": "Left Alt",
          "matrix": [
            5,
            2
          ],
          "x": 2,
          "y": 5.25
        },
        {
          "label": "Delete",
          "matrix": [
            5,
            3
          ],
          "x": 3,
          "y": 5.25
        },
        {
          "label": "LT(1, KC_SPC)",
          "matrix": [
            5,
            4
          ],
          "w": 2,
          "x": 4,
          "y": 5.25
        },
        {
          "label": "Enter",
          "matrix": [
            5,
            6
          ],
          "w": 2,
          "x": 6,
          "y": 5.25
        },
        {
          "matrix": [
            5,
            8
          ],
          "x": 8,
          "y": 5.25
        },
        {
          "label": "Right Alt",
          "matrix": [
            5,
            9
          ],
          "x": 9,
          "y": 5.25
        },
        {
          "label": "Right GUI",
          "matrix": [
            5,
            10
          ],
          "x": 10,
          "y": 5.25
        },
        {
          "label": "Right GUI",
          "matrix": [
            5,
            11
          ],
          "x": 11,
          "y": 5.25
        },
        {
          "label": "MO(2)",
          "matrix": [
            5,
            12
          ],
          "x": 12,
          "y": 5.25
        },
        {
          "label": "KC_P0",
          "matrix": [
            5,
            13
          ],
          "x": 13.25,
          "y": 5.25
        },
        {
          "label": "KC_PDOT",
          "matrix": [
            5,
            14
          ],
          "x": 14.25,
          "y": 5.25
        },
        {
          "label": "KC_PENT",
          "matrix": [
            5,
            15
          ],
          "x": 15.25,
          "y": 5.25
        },
        {
          "label": "RGB_TOG",
          "matrix": [
            5,
            16
          ],
          "x": 16.25,
          "y": 2.25
        }
      ]
    }
  },
  "matrix_size": {
    "rows": 6,
    "cols": 17
  }
}