{
    "keyboard_name": "GPK60-47RJ",
    "maintainer": "Daraku-Neko",
    "bootloader": "rp2040",
    "processor": "RP2040",
    "diode_direction": "COL2ROW",
    "features": {
        "audio": false,
        "backlight": false,
        "bootmagic": false,
        "command": false,
        "console": true,
        "encoder": false,
        "extrakey": true,
        "mousekey": true,
        "nkro": false,
        "oled": false,
        "rgblight": false,
        "via": true,
        "wpm": false
    },
    "matrix_pins": {
        "cols": ["GP29", "GP28", "GP27", "GP26", "GP25", "GP24", "GP23", "GP22", "GP21", "GP20", "GP19", "GP18", "GP17", "GP16"],
        "rows": ["GP1", "GP2", "GP3", "GP4"]
    },
    "matrix_size": {
        "cols": 14,
        "rows": 4
    },
    "double_tap_shift_turns_on": true,
    "dynamic_keymap": {
      "layer_count": 6
    },    
    "debounce": 5,
    "url": ""
}