{
  "name": "Num-Num Black Strawberry!!",
  "vendorId": "0xFEED",
  "productId": "0x1524",
  "diode_direction": "COL2ROW",
  "features": {
      "audio": false,
      "backlight": false,
      "bootmagic": false,
      "command": false,
      "console": false,
      "encoder": true,
      "extrakey": true,
      "mousekey": true,
      "nkro": false,
      "oled": false,
      "via": true,
      "wpm": false
  },
  "matrix_pins": {
      "cols": ["D4", "C6", "D7", "E6"],
      "rows": ["F4", "F5", "F6", "F7", "B1", "D1", "B2", "B3"]
  },
  "matrix_size": {
      "cols": 4,
      "rows": 8
  },
  "mouse_key": {
      "enabled": true
  },
  "url": ""
}