{
  "name": "GPK60-45C",
  "vendorId": "0xFEED",
  "productId": "0x1415",
  "lighting": "none",
  "matrix": {
    "rows": 4,
    "cols": 13
  },
  "layouts": {
    "labels": [],
    "keymap": [
      [
        {
          "sm": "cherry"
        },
        "0,0",
        "0,1",
        "0,2",
        "0,3",
        "0,4",
        "0,5",
        {
          "x": 0.75
        },
        "0,6",
        "0,7",
        "0,8",
        "0,9",
        "0,10",
        "0,11",
        "0,12"
      ],
      [
        "1,0",
        "1,1",
        "1,2",
        "1,3",
        "1,4",
        "1,5",
        {
          "x": 0.75
        },
        "1,6",
        "1,7",
        "1,8",
        "1,9",
        "1,10",
        "1,11",
        "1,12"
      ],
      [
        "2,0",
        "2,1",
        "2,2",
        "2,3",
        "2,4",
        "2,5",
        {
          "x": 0.75
        },
        "2,6",
        "2,7",
        "2,8",
        "2,9",
        "2,10",
        "2,11",
        "2,12"
      ],
      [
        {
          "x": 3
        },
        "3,3",
        "3,4",
        "3,5",
        {
          "x": 0.75
        },
        "3,6",
        "3,7",
        "3,8"
      ]
    ]
  }
}