{
  "name": "Lain",
  "vendorId": "0x04D8",
  "productId": "0xE8F4",
  "matrix": {"rows": 4, "cols": 13},
  "layouts": {
    "keymap": [
      [{"y": 0.5, "x": 11.75}, "0,11"],
      [{"y": -0.85, "x": 0.15}, "0,0", "0,1", {"x": 10.6, "w2": 1.5}, "0,12"],
      [{"x": 0.2}, "1,0", "1,1", {"x": 10}, "1,11", "1,12"],
      [
        {"x": 0.25, "w": 1.25},
        "2,0",
        "2,1",
        {"x": 9.35},
        "2,11",
        {"w2": 1.25},
        "2,12"
      ],
      [{"x": 0.55, "w": 1.75}, "3,1", {"x": 10.5, "w2": 1.25}, "3,12"],
      [
        {"rx": 7.5, "ry": 3.5, "y": 0.1499999999999999, "x": 4.300000000000001},
        "3,11"
      ],
      [
        {"r": 15, "rx": 2, "ry": 0, "y": 0.4, "x": 0.5},
        "0,2",
        "0,3",
        "0,4",
        "0,5",
        "0,6"
      ],
      [
        {"x": 0.8500000000000001},
        "1,2",
        "1,3",
        {"n": true},
        "1,4",
        "1,5",
        "1,6"
      ],
      [{"x": 1.4}, "2,2", "2,3", "2,4", "2,5"],
      [{"x": 1.4, "w": 1.25}, "3,2", "3,3", {"w": 1.25}, "3,4", "3,5"],
      [
        {"r": -15, "rx": 13.5, "y": 0.05, "x": -6.1},
        "0,7",
        "0,8",
        "0,9",
        "0,10"
      ],
      [{"x": -5.85}, "1,7", {"n": true}, "1,8", "1,9", "1,10"],
      [{"x": -6.5}, "2,7", "2,8", "2,9", "2,10"],
      [{"x": -7.05}, "3,7", {"w": 1.25}, "3,8", "3,9", "3,10"]
    ]
  }
}
