{
  "name": "GPK60-46A",
  "vendorId": "0xFEED",
  "productId": "0x1414",
  "lighting": "none",
  "matrix": { "rows": 8, "cols": 6 },
  "layouts": {
    "LAYOUT": {
        "layout": [{"label":"0,0", "x":0.2, "y":0, "w":1.5}, {"label":"0,1", "x":1.7, "y":0}, {"label":"0,2", "x":2.9000000000000004, "y":0}, {"label":"0,3", "x":3.9000000000000004, "y":0}, {"label":"0,4", "x":4.9, "y":0}, {"label":"0,5", "x":5.9, "y":0}, {"label":"3,4", "x":7.800000000000001, "y":0}, {"label":"3,5", "x":8.8, "y":0}, {"label":"4,0", "x":9.8, "y":0}, {"label":"4,1", "x":10.8, "y":0}, {"label":"4,2", "x":12.05, "y":0}, {"label":"4,3", "x":13.05, "y":0}, {"label":"4,4", "x":14.05, "y":0}, {"label":"1,0", "x":0.1, "y":1, "w":1.75}, {"label":"1,1", "x":1.85, "y":1}, {"label":"1,2", "x":3.1, "y":1}, {"label":"1,3", "x":4.1, "y":1}, {"label":"1,4", "x":5.1, "y":1}, {"label":"1,5", "x":6.1, "y":1}, {"label":"4,5", "x":7.949999999999999, "y":1}, {"label":"5,0", "x":8.95, "y":1}, {"label":"5,1", "x":9.95, "y":1}, {"label":"5,2", "x":10.95, "y":1}, {"label":"5,3", "x":12.35, "y":1}, {"label":"5,4", "x":13.35, "y":1}, {"label":"5,5", "x":14.35, "y":1}, {"label":"2,0", "x":0.1, "y":2, "w":1.75}, {"label":"2,1", "x":1.85, "y":2}, {"label":"2,2", "x":3.3000000000000003, "y":2}, {"label":"2,3", "x":4.3, "y":2}, {"label":"2,4", "x":5.3, "y":2}, {"label":"2,5", "x":6.3, "y":2}, {"label":"6,0", "x":8.3, "y":2}, {"label":"6,1", "x":9.3, "y":2}, {"label":"6,2", "x":10.3, "y":2}, {"label":"6,3", "x":12.05, "y":2}, {"label":"6,4", "x":13.05, "y":2}, {"label":"6,5", "x":14.05, "y":2, "w":1.25}, {"label":"3,0", "x":0.2, "y":3, "w":1.5}, {"label":"3,1", "x":3.75, "y":3, "w":1.25}, {"label":"3,2", "x":5.0, "y":3, "w":1.5}, {"label":"3,3", "x":6.5, "y":3}, {"label":"7,0", "x":7.9, "y":3}, {"label":"7,1", "x":8.9, "y":3, "w":1.25}, {"label":"7,2", "x":10.15, "y":3, "w":1.25}, {"label":"7,3", "x":13.55, "y":3, "w":1.5}]
    }
  }
}