{
  "name": "Yamada75 GO",
  "vendorId": "0xFEED",
  "productId": "0x1515",
  "lighting": "none",
  "matrix": {
    "rows": 8,
    "cols": 10
  },
  "layouts": {
    "keymap": [
      [
        "0,0",
        "0,1",
        "0,2",
        "0,3",
        "0,4",
        "0,5",
        "0,6",
        "0,7",
        "0,8",
        "0,9",
        "1,0",
        "1,1",
        "1,2",
        "1,3",
        "1,4",
        {
          "x": 1.25
        },
        "1,5",
        "1,6"
      ],
      [
        {
          "w": 1.5
        },
        "1,7",
        "1,8",
        "1,9",
        "2,0",
        "2,1",
        "2,2",
        "2,3",
        "2,4",
        "2,5",
        "2,6",
        "2,7",
        "2,8",
        "2,9",
        {
          "x": 0.25,
          "w": 1.25,
          "h": 2,
          "w2": 1.5,
          "h2": 1,
          "x2": -0.25
        },
        "3,0",
        {
          "x": 1.25
        },
        "3,1",
        "3,2"
      ],
      [
        {
          "w": 1.75
        },
        "3,3",
        "3,4",
        "3,5",
        "3,6",
        "3,7",
        "3,8",
        "3,9",
        "4,0",
        "4,1",
        "4,2",
        "4,3",
        "4,4",
        "4,5"
      ],
      [
        {
          "w": 2.25
        },
        "4,6",
        "4,7",
        "4,8",
        "4,9",
        "5,0",
        "5,1",
        "5,2",
        "5,3",
        "5,4",
        "5,5",
        "5,6",
        "5,7",
        {
          "w": 1.75
        },
        "5,8",
        {
          "x": 1.25
        },
        "5,9"
      ],
      [
        {
          "w": 1.25
        },
        "6,0",
        {
          "w": 1.25
        },
        "6,1",
        "6,2",
        {
          "w": 1.25
        },
        "6,3",
        "6,4",
        {
          "w": 2
        },
        "6,5",
        "6,6",
        {
          "w": 1.25
        },
        "6,7",
        "6,8",
        {
          "w": 1.25
        },
        "6,9",
        {
          "w": 1.25
        },
        "7,0",
        "7,1",
        {
          "x": 0.75
        },
        "7,2",
        "7,3",
        "7,4"
      ]
    ]
  }
}