{
	"name": "Yamada Iteya",
	"vendorId": "0x7A79",
	"productId": "0x1525",
	"lighting": "vialrgb",
	"matrix": {
		"rows": 6,
		"cols": 15
	},
	"layouts": {
		"keymap": [
			[
				"0,0",
				"0,1",
				"0,2",
				"0,3",
				"0,4",
				"0,5",
				"0,6",
				{
					"x": 3.25
				},
				"0,7",
				"0,8",
				"0,9",
				"0,10",
				"0,11",
				"0,12",
				"0,13",
				{
					"x": 1
				},
				"0,0\n\n\n\n\n\n\n\n\ne"
			],
			[
				{
					"x": 18.25
				},
				"0,14"
			],
			[
				{
					"y": -0.5
				},
				"1,0",
				"1,1",
				"1,2",
				"1,3",
				"1,4",
				"1,5",
				"1,6",
				{
					"x": 2.75
				},
				"1,7",
				"1,8",
				"1,9",
				"1,10",
				"1,11",
				"1,12",
				{
					"w": 2
				},
				"1,13"
			],
			[
				{
					"y": -0.5,
					"x": 18.25
				},
				"0,1\n\n\n\n\n\n\n\n\ne"
			],
			[
				{
					"y": -0.5,
					"w": 1.5
				},
				"2,0",
				"2,1",
				"2,2",
				"2,3",
				"2,4",
				"2,5",
				{
					"x": 2.75
				},
				"2,6",
				"2,7",
				"2,8",
				"2,9",
				"2,10",
				"2,11",
				"2,12",
				{
					"w": 1.5
				},
				"2,13"
			],
			[
				{
					"w": 1.75
				},
				"3,0",
				"3,1",
				"3,2",
				"3,3",
				"3,4",
				"3,5",
				{
					"x": 2.75
				},
				"3,6",
				"3,7",
				"3,8",
				"3,9",
				"3,10",
				"3,11",
				{
					"w": 2.25
				},
				"3,12"
			],
			[
				{
					"w": 2
				},
				"4,0",
				"4,1",
				"4,2",
				"4,3",
				"4,4",
				"4,5",
				{
					"x": 2.5
				},
				"4,6",
				"4,7",
				"4,8",
				"4,9",
				"4,10",
				{
					"w": 2.75
				},
				"4,11"
			],
			[
				{
					"w": 1.75
				},
				"5,0",
				{
					"x": 1.5,
					"w": 1.5
				},
				"5,1",
				{
					"w": 1.25
				},
				"5,2",
				"5,3",
				{
					"x": 2.5
				},
				"5,4",
				{
					"w": 1.25
				},
				"5,5",
				{
					"w": 1.5
				},
				"5,6",
				{
					"x": 1.75
				},
				"5,7"
			],
			[
				{
					"w": 1.75
				},
				"5,8",
				{
					"x": 12.25
				},
				"5,9",
				"5,10",
				"5,11"
			]
		]
	}
}