{
  "name": "Ieneko37R",
  "vendorId": "0x7A79",
  "productId": "0x1549",
  "lighting": "vialrgb",
  "matrix": {
    "rows": 4,
    "cols": 11
  },
  "layouts": {
    "keymap": [
      [
        {
          "x": 1.25
        },
        "0,0",
        "0,1",
        "0,2",
        "0,3",
        "0,4",
        "0,5",
        "0,6",
        "0,7",
        "0,8",
        "0,9",
        {
          "x": 0.25,
          "w": 1.25,
          "h": 2,
          "w2": 1.5,
          "h2": 1,
          "x2": -0.25
        },
        "0,10"
      ],
      [
        {
          "x": 1.5
        },
        "1,1",
        "1,2",
        "1,3",
        "1,4",
        "1,5",
        "1,6",
        "1,7",
        "1,8",
        "1,9",
        "1,10"
      ],
      [
        {
          "w": 2
        },
        "2,0",
        "2,1",
        "2,2",
        "2,3",
        "2,4",
        "2,5",
        "2,6",
        "2,7",
        "2,8",
        "2,9",
        {
          "w": 1.75
        },
        "2,10"
      ],
      [
        {
          "x": 3,
          "w": 1.25
        },
        "3,2",
        {
          "w": 2
        },
        "3,3",
        {
          "w": 2
        },
        "3,5",
        {
          "w": 1.25
        },
        "3,6"
      ],
      [
        {
          "r": 180,
          "rx": 0.6,
          "ry": 3.95,
          "y": 2,
          "x": -0.6,
          "w": 1.25,
          "h": 2,
          "w2": 1.5,
          "h2": 1,
          "x2": -0.25
        },
        "1,0"
      ]
    ]
  }
}