{
  "keyboard_name": "Yamada65 Pro",
  "manufacturer": "Daraku-Neko",
  "maintainer": "Daraku-Neko",
  "bootloader": "rp2040",
  "processor": "RP2040",
  "diode_direction": "COL2ROW",
  "usb": {
    "device_version": "1.0.0",
    "pid": "0x1523",
    "vid": "0x7A79"
  },
  "features": {
      "audio": false,
      "backlight": false,
      "bootmagic": false,
      "command": false,
      "console": true,
      "encoder": false,
      "extrakey": true,
      "mousekey": true,
      "nkro": false,
      "oled": false,
      "rgblight": false,
      "via": true,
      "wpm": false
  },
  "matrix_pins": {
      "cols": ["GP29", "GP28", "GP27", "GP26", "GP25", "GP24", "GP23", "GP22", "GP21", "GP20", "GP19", "GP18", "GP17", "GP16", "GP5"],
      "rows": ["GP4", "GP3", "GP2", "GP1", "GP0"]
  },
  "matrix_size": {
      "cols": 15,
      "rows": 5
  },
  "caps_word": {
    "enabled": true,
    "double_tap_shift_turns_on": true
  },  
  "layouts": {
    "LAYOUT": {
      "layout": [
        {
          "label": "0,0",
          "matrix": [
            0,
            0
          ],
          "x": 0,
          "y": 0
        },
        {
          "label": "0,1",
          "matrix": [
            0,
            1
          ],
          "x": 1,
          "y": 0
        },
        {
          "label": "0,2",
          "matrix": [
            0,
            2
          ],
          "x": 2,
          "y": 0
        },
        {
          "label": "0,3",
          "matrix": [
            0,
            3
          ],
          "x": 3,
          "y": 0
        },
        {
          "label": "0,4",
          "matrix": [
            0,
            4
          ],
          "x": 4,
          "y": 0
        },
        {
          "label": "0,5",
          "matrix": [
            0,
            5
          ],
          "x": 5,
          "y": 0
        },
        {
          "label": "0,6",
          "matrix": [
            0,
            6
          ],
          "x": 6,
          "y": 0
        },
        {
          "label": "0,7",
          "matrix": [
            0,
            7
          ],
          "x": 7,
          "y": 0
        },
        {
          "label": "0,8",
          "matrix": [
            0,
            8
          ],
          "x": 8,
          "y": 0
        },
        {
          "label": "0,9",
          "matrix": [
            0,
            9
          ],
          "x": 9,
          "y": 0
        },
        {
          "label": "0,10",
          "matrix": [
            0,
            10
          ],
          "x": 10,
          "y": 0
        },
        {
          "label": "0,11",
          "matrix": [
            0,
            11
          ],
          "x": 11,
          "y": 0
        },
        {
          "label": "0,12",
          "matrix": [
            0,
            12
          ],
          "x": 12,
          "y": 0
        },
        {
          "label": "0,13",
          "matrix": [
            0,
            13
          ],
          "x": 13,
          "y": 0
        },
        {
          "label": "0,14",
          "matrix": [
            0,
            14
          ],
          "x": 14,
          "y": 0
        },
        {
          "label": "1,0",
          "matrix": [
            1,
            0
          ],
          "w": 1.5,
          "x": 0,
          "y": 1
        },
        {
          "label": "1,1",
          "matrix": [
            1,
            1
          ],
          "x": 1.5,
          "y": 1
        },
        {
          "label": "1,2",
          "matrix": [
            1,
            2
          ],
          "x": 2.5,
          "y": 1
        },
        {
          "label": "1,3",
          "matrix": [
            1,
            3
          ],
          "x": 3.5,
          "y": 1
        },
        {
          "label": "1,4",
          "matrix": [
            1,
            4
          ],
          "x": 4.5,
          "y": 1
        },
        {
          "label": "1,5",
          "matrix": [
            1,
            5
          ],
          "x": 5.5,
          "y": 1
        },
        {
          "label": "1,6",
          "matrix": [
            1,
            6
          ],
          "x": 6.5,
          "y": 1
        },
        {
          "label": "1,7",
          "matrix": [
            1,
            7
          ],
          "x": 7.5,
          "y": 1
        },
        {
          "label": "1,8",
          "matrix": [
            1,
            8
          ],
          "x": 8.5,
          "y": 1
        },
        {
          "label": "1,9",
          "matrix": [
            1,
            9
          ],
          "x": 9.5,
          "y": 1
        },
        {
          "label": "1,10",
          "matrix": [
            1,
            10
          ],
          "x": 10.5,
          "y": 1
        },
        {
          "label": "1,11",
          "matrix": [
            1,
            11
          ],
          "x": 11.5,
          "y": 1
        },
        {
          "label": "1,12",
          "matrix": [
            1,
            12
          ],
          "x": 12.5,
          "y": 1
        },
        {
          "h": 2,
          "label": "1,13",
          "matrix": [
            1,
            13
          ],
          "w": 1.25,
          "x": 13.75,
          "y": 1
        },
        {
          "label": "2,0",
          "matrix": [
            2,
            0
          ],
          "w": 1.75,
          "x": 0,
          "y": 2
        },
        {
          "label": "2,1",
          "matrix": [
            2,
            1
          ],
          "x": 1.75,
          "y": 2
        },
        {
          "label": "2,2",
          "matrix": [
            2,
            2
          ],
          "x": 2.75,
          "y": 2
        },
        {
          "label": "2,3",
          "matrix": [
            2,
            3
          ],
          "x": 3.75,
          "y": 2
        },
        {
          "label": "2,4",
          "matrix": [
            2,
            4
          ],
          "x": 4.75,
          "y": 2
        },
        {
          "label": "2,5",
          "matrix": [
            2,
            5
          ],
          "x": 5.75,
          "y": 2
        },
        {
          "label": "2,6",
          "matrix": [
            2,
            6
          ],
          "x": 6.75,
          "y": 2
        },
        {
          "label": "2,7",
          "matrix": [
            2,
            7
          ],
          "x": 7.75,
          "y": 2
        },
        {
          "label": "2,8",
          "matrix": [
            2,
            8
          ],
          "x": 8.75,
          "y": 2
        },
        {
          "label": "2,9",
          "matrix": [
            2,
            9
          ],
          "x": 9.75,
          "y": 2
        },
        {
          "label": "2,10",
          "matrix": [
            2,
            10
          ],
          "x": 10.75,
          "y": 2
        },
        {
          "label": "2,11",
          "matrix": [
            2,
            11
          ],
          "x": 11.75,
          "y": 2
        },
        {
          "label": "2,12",
          "matrix": [
            2,
            12
          ],
          "x": 12.75,
          "y": 2
        },
        {
          "label": "3,0",
          "matrix": [
            3,
            0
          ],
          "w": 2.25,
          "x": 0,
          "y": 3
        },
        {
          "label": "3,1",
          "matrix": [
            3,
            1
          ],
          "x": 2.25,
          "y": 3
        },
        {
          "label": "3,2",
          "matrix": [
            3,
            2
          ],
          "x": 3.25,
          "y": 3
        },
        {
          "label": "3,3",
          "matrix": [
            3,
            3
          ],
          "x": 4.25,
          "y": 3
        },
        {
          "label": "3,4",
          "matrix": [
            3,
            4
          ],
          "x": 5.25,
          "y": 3
        },
        {
          "label": "3,5",
          "matrix": [
            3,
            5
          ],
          "x": 6.25,
          "y": 3
        },
        {
          "label": "3,6",
          "matrix": [
            3,
            6
          ],
          "x": 7.25,
          "y": 3
        },
        {
          "label": "3,7",
          "matrix": [
            3,
            7
          ],
          "x": 8.25,
          "y": 3
        },
        {
          "label": "3,8",
          "matrix": [
            3,
            8
          ],
          "x": 9.25,
          "y": 3
        },
        {
          "label": "3,9",
          "matrix": [
            3,
            9
          ],
          "x": 10.25,
          "y": 3
        },
        {
          "label": "3,10",
          "matrix": [
            3,
            10
          ],
          "x": 11.25,
          "y": 3
        },
        {
          "label": "3,11",
          "matrix": [
            3,
            11
          ],
          "x": 12.25,
          "y": 3
        },
        {
          "label": "3,12",
          "matrix": [
            3,
            12
          ],
          "w": 1.75,
          "x": 13.25,
          "y": 3
        },
        {
          "label": "4,0",
          "matrix": [
            4,
            0
          ],
          "w": 1.25,
          "x": 1.25,
          "y": 4
        },
        {
          "label": "4,1",
          "matrix": [
            4,
            1
          ],
          "x": 2.5,
          "y": 4
        },
        {
          "label": "4,2",
          "matrix": [
            4,
            2
          ],
          "w": 1.25,
          "x": 3.5,
          "y": 4
        },
        {
          "label": "4,3",
          "matrix": [
            4,
            3
          ],
          "x": 4.75,
          "y": 4
        },
        {
          "label": "4,4",
          "matrix": [
            4,
            4
          ],
          "w": 2,
          "x": 5.75,
          "y": 4
        },
        {
          "label": "4,5",
          "matrix": [
            4,
            5
          ],
          "x": 7.75,
          "y": 4
        },
        {
          "label": "4,6",
          "matrix": [
            4,
            6
          ],
          "w": 1.25,
          "x": 8.75,
          "y": 4
        },
        {
          "label": "4,7",
          "matrix": [
            4,
            7
          ],
          "x": 10,
          "y": 4
        },
        {
          "label": "4,8",
          "matrix": [
            4,
            8
          ],
          "w": 1.25,
          "x": 11,
          "y": 4
        },
        {
          "label": "4,9",
          "matrix": [
            4,
            9
          ],
          "w": 1.25,
          "x": 12.25,
          "y": 4
        }
      ]
    }
  }
}