{
  "manufacturer": "Daraku-Neko",
  "keyboard_name": "GPK60-51R",
  "maintainer": "Daraku-Neko",
  "bootloader": "caterina",
  "diode_direction": "COL2ROW",
  "features": {
    "bootmagic": true,
    "command": false,
    "console": false,
    "extrakey": true,
    "mousekey": true,
    "nkro": true,
    "rgblight": true
  },
  "ws2812": {
		"pin": "D3"
	},
  "rgblight": {
    "led_count": 11,
    "sleep": true,
    "animations": {
      "alternating": false,
      "breathing": false,
      "christmas": false,
      "knight": false,
      "rainbow_mood": false,
      "rainbow_swirl": false,
      "rgb_test": false,
      "snake": false,
      "static_gradient": false,
      "twinkle": false
    }
  },
  "matrix_pins": {
    "rows": [
      "F4", "F5", "F6", "F7", "B1", "B3", "B2", "B6"
    ],
    "cols": [
      "D0", "D4", "C6", "D7", "E6", "B4", "B5"
    ]
  },
  "processor": "atmega32u4",
  "url": "",
  "usb": {
    "device_version": "1.0.0",
    "pid": "0x1421",
    "vid": "0xFEED"
  },
  "layouts": {
    "LAYOUT": {
      "layout": [
        {
          "matrix": [
            0,
            0
          ],
          "x": 0,
          "y": 0
        },
        {
          "matrix": [
            0,
            1
          ],
          "x": 1,
          "y": 0
        },
        {
          "matrix": [
            0,
            2
          ],
          "x": 2,
          "y": 0
        },
        {
          "matrix": [
            0,
            3
          ],
          "x": 3,
          "y": 0
        },
        {
          "matrix": [
            0,
            4
          ],
          "x": 4,
          "y": 0
        },
        {
          "matrix": [
            0,
            5
          ],
          "x": 5,
          "y": 0
        },
        {
          "matrix": [
            0,
            6
          ],
          "x": 6,
          "y": 0
        },
        {
          "matrix": [
            1,
            0
          ],
          "x": 7,
          "y": 0
        },
        {
          "matrix": [
            1,
            1
          ],
          "x": 8,
          "y": 0
        },
        {
          "matrix": [
            1,
            2
          ],
          "x": 9,
          "y": 0
        },
        {
          "matrix": [
            1,
            3
          ],
          "x": 10,
          "y": 0
        },
        {
          "matrix": [
            1,
            4
          ],
          "x": 11,
          "y": 0
        },
        {
          "matrix": [
            1,
            5
          ],
          "x": 12,
          "y": 0
        },
        {
          "matrix": [
            1,
            6
          ],
          "x": 13,
          "y": 0
        },
        {
          "matrix": [
            2,
            0
          ],
          "w": 1.25,
          "x": 0,
          "y": 1
        },
        {
          "matrix": [
            2,
            1
          ],
          "x": 1.25,
          "y": 1
        },
        {
          "matrix": [
            2,
            2
          ],
          "x": 2.25,
          "y": 1
        },
        {
          "matrix": [
            2,
            3
          ],
          "x": 3.25,
          "y": 1
        },
        {
          "matrix": [
            2,
            4
          ],
          "x": 4.25,
          "y": 1
        },
        {
          "matrix": [
            2,
            5
          ],
          "x": 5.25,
          "y": 1
        },
        {
          "matrix": [
            2,
            6
          ],
          "x": 6.25,
          "y": 1
        },
        {
          "matrix": [
            3,
            0
          ],
          "x": 7.25,
          "y": 1
        },
        {
          "matrix": [
            3,
            1
          ],
          "x": 8.25,
          "y": 1
        },
        {
          "matrix": [
            3,
            2
          ],
          "x": 9.25,
          "y": 1
        },
        {
          "matrix": [
            3,
            3
          ],
          "x": 10.25,
          "y": 1
        },
        {
          "matrix": [
            3,
            4
          ],
          "x": 11.25,
          "y": 1
        },
        {
          "matrix": [
            3,
            5
          ],
          "w": 1.75,
          "x": 12.25,
          "y": 1
        },
        {
          "matrix": [
            3,
            6
          ],
          "w": 1.75,
          "x": 0,
          "y": 2
        },
        {
          "matrix": [
            4,
            0
          ],
          "x": 1.75,
          "y": 2
        },
        {
          "matrix": [
            4,
            1
          ],
          "x": 2.75,
          "y": 2
        },
        {
          "matrix": [
            4,
            2
          ],
          "x": 3.75,
          "y": 2
        },
        {
          "matrix": [
            4,
            3
          ],
          "x": 4.75,
          "y": 2
        },
        {
          "matrix": [
            4,
            4
          ],
          "x": 5.75,
          "y": 2
        },
        {
          "matrix": [
            4,
            5
          ],
          "x": 6.75,
          "y": 2
        },
        {
          "matrix": [
            4,
            6
          ],
          "x": 7.75,
          "y": 2
        },
        {
          "matrix": [
            5,
            0
          ],
          "x": 8.75,
          "y": 2
        },
        {
          "matrix": [
            5,
            1
          ],
          "x": 9.75,
          "y": 2
        },
        {
          "matrix": [
            5,
            2
          ],
          "x": 10.75,
          "y": 2
        },
        {
          "matrix": [
            5,
            3
          ],
          "w": 1.25,
          "x": 11.75,
          "y": 2
        },
        {
          "matrix": [
            5,
            4
          ],
          "x": 13.25,
          "y": 2.25
        },
        {
          "matrix": [
            5,
            5
          ],
          "w": 1.25,
          "x": 0,
          "y": 3
        },
        {
          "matrix": [
            5,
            6
          ],
          "w": 1.25,
          "x": 1.25,
          "y": 3
        },
        {
          "matrix": [
            6,
            0
          ],
          "w": 1.5,
          "x": 2.5,
          "y": 3
        },
        {
          "matrix": [
            6,
            1
          ],
          "w": 1.25,
          "x": 4,
          "y": 3
        },
        {
          "matrix": [
            6,
            2
          ],
          "w": 2.75,
          "x": 5.25,
          "y": 3
        },
        {
          "matrix": [
            6,
            3
          ],
          "w": 1.25,
          "x": 8,
          "y": 3
        },
        {
          "matrix": [
            6,
            4
          ],
          "w": 1.25,
          "x": 9.25,
          "y": 3
        },
        {
          "matrix": [
            6,
            5
          ],
          "w": 1.25,
          "x": 10.5,
          "y": 3
        },
        {
          "matrix": [
            6,
            6
          ],
          "x": 12.25,
          "y": 3.25
        },
        {
          "matrix": [
            7,
            0
          ],
          "x": 13.25,
          "y": 3.25
        },
        {
          "matrix": [
            7,
            1
          ],
          "x": 14.25,
          "y": 3.25
        }
      ]
    }
  },
  "matrix_size": {
    "rows": 8,
    "cols": 7
  }
}