{
  "name": "GPK60-51R",
  "vendorId": "0xFEED",
  "productId": "0x1421",
  "lighting": "qmk_rgblight",
  "matrix": { "rows": 8, "cols":  7 },
  "layouts": {
    "LAYOUT": {
        "layout": [{"label":"0,0", "x":0.25, "y":0}, {"label":"0,1", "x":1.25, "y":0}, {"label":"0,2", "x":2.25, "y":0}, {"label":"0,3", "x":3.25, "y":0}, {"label":"0,4", "x":4.25, "y":0}, {"label":"0,5", "x":5.25, "y":0}, {"label":"0,6", "x":6.25, "y":0}, {"label":"1,0", "x":7.25, "y":0}, {"label":"1,1", "x":8.25, "y":0}, {"label":"1,2", "x":9.25, "y":0}, {"label":"1,3", "x":10.25, "y":0}, {"label":"1,4", "x":11.25, "y":0}, {"label":"1,5", "x":12.25, "y":0}, {"label":"1,6", "x":13.25, "y":0}, {"label":"2,0", "x":0.25, "y":1, "w":1.25}, {"label":"2,1", "x":1.5, "y":1}, {"label":"2,2", "x":2.5, "y":1}, {"label":"2,3", "x":3.5, "y":1}, {"label":"2,4", "x":4.5, "y":1}, {"label":"2,5", "x":5.5, "y":1}, {"label":"2,6", "x":6.5, "y":1}, {"label":"3,0", "x":7.5, "y":1}, {"label":"3,1", "x":8.5, "y":1}, {"label":"3,2", "x":9.5, "y":1}, {"label":"3,3", "x":10.5, "y":1}, {"label":"3,4", "x":11.5, "y":1}, {"label":"3,5", "x":12.5, "y":1, "w":1.75}, {"label":"3,6", "x":0.25, "y":2, "w":1.75}, {"label":"4,0", "x":2, "y":2}, {"label":"4,1", "x":3, "y":2}, {"label":"4,2", "x":4, "y":2}, {"label":"4,3", "x":5, "y":2}, {"label":"4,4", "x":6, "y":2}, {"label":"4,5", "x":7, "y":2}, {"label":"4,6", "x":8, "y":2}, {"label":"5,0", "x":9, "y":2}, {"label":"5,1", "x":10, "y":2}, {"label":"5,2", "x":11, "y":2}, {"label":"5,3", "x":12, "y":2, "w":1.25}, {"label":"5,4", "x":13.5, "y":2.25}, {"label":"5,5", "x":0.25, "y":3, "w":1.25}, {"label":"5,6", "x":1.5, "y":3, "w":1.25}, {"label":"6,0", "x":2.75, "y":3, "w":1.5}, {"label":"6,1", "x":4.25, "y":3, "w":1.25}, {"label":"6,2", "x":5.5, "y":3, "w":2.75}, {"label":"6,3", "x":8.25, "y":3, "w":1.25}, {"label":"6,4", "x":9.5, "y":3, "w":1.25}, {"label":"6,5", "x":10.75, "y":3, "w":1.25}, {"label":"6,6", "x":12.5, "y":3.25}, {"label":"7,0", "x":13.5, "y":3.25}, {"label":"7,1", "x":14.5, "y":3.25}]
    }
  }
}