{
	"name": "Yamada Emiko",
	"vendorId": "0xFEED",
	"productId": "0x1529",
	"lighting": "vialrgb",
	"matrix": {
		"rows": 6,
		"cols": 18
	},
	"layouts": {
		"keymap": [
			[
				"0,0",
				"0,1",
				"0,2",
				"0,3",
				"0,4",
				"0,5",
				"0,6",
				"0,7",
				"0,8",
				"0,9",
				"0,10",
				"0,11",
				"0,12",
				"0,13",
				"0,14"
			],
			[
				{
					"y": -0.75,
					"x": 15.5
				},
				"0,15",
				"0,16",
				"0,17"
			],
			[
				{
					"x": 15.5
				},
				"1,14\nHome",
				"1,15\n↑",
				"1,16\nPgUp"
			],
			[
				{
					"y": -0.75
				},
				"1,0\n`",
				"1,1\n1",
				"1,2\n2",
				"1,3\n3",
				"1,4\n4",
				"1,5\n5",
				"1,6\n6",
				"1,7\n7",
				"1,8\n8",
				"1,9\n9",
				"1,10\n0",
				"1,11\n-",
				"1,12\n=",
				{
					"w": 2
				},
				"1,13"
			],
			[
				{
					"y": -0.25,
					"x": 15.5
				},
				"2,14\n←",
				"2,15",
				"2,16\n→"
			],
			[
				{
					"y": -0.75,
					"w": 1.5
				},
				"2,0",
				"2,1",
				"2,2",
				"2,3",
				"2,4",
				"2,5",
				"2,6",
				"2,7",
				"2,8",
				"2,9",
				"2,10",
				"2,11\n[",
				"2,12\n]",
				{
					"w": 1.5
				},
				"2,13\n\\"
			],
			[
				{
					"y": -0.25,
					"x": 15.5
				},
				"3,13\nEnd",
				"3,14\n↓",
				"3,15\nPgDn"
			],
			[
				{
					"y": -0.75,
					"w": 1.75
				},
				"3,0",
				"3,1",
				"3,2",
				"3,3",
				"3,4",
				"3,5",
				"3,6",
				"3,7",
				"3,8",
				"3,9",
				"3,10\n;",
				"3,11\n'",
				{
					"w": 2.25
				},
				"3,12"
			],
			[
				{
					"y": -0.25,
					"x": 16.5
				},
				"4,13\nIns",
				"4,14\nDel"
			],
			[
				{
					"y": -0.75,
					"w": 2.25
				},
				"4,0",
				"4,1",
				"4,2",
				"4,3",
				"4,4",
				"4,5",
				"4,6",
				"4,7",
				"4,8\n,",
				"4,9\n.",
				"4,10\n/",
				{
					"w": 2
				},
				"4,11",
				{
					"x": 0.75
				},
				"4,12"
			],
			[
				{
					"w": 1.25
				},
				"5,0",
				{
					"w": 1.25
				},
				"5,1",
				{
					"w": 1.25
				},
				"5,2",
				{
					"w": 1.25
				},
				"5,3",
				{
					"w": 2.75
				},
				"5,4",
				{
					"w": 1.25
				},
				"5,5",
				{
					"w": 1.25
				},
				"5,6",
				{
					"w": 1.25
				},
				"5,7",
				{
					"x": 2.5
				},
				"5,8",
				"5,9",
				"5,10"
			]
		]
	}
}