{
	"name": "GPK60-47RJ",
	"vendorId": "0x7A79",
	"productId": "0x1427",
	"lighting": "vialrgb",
	"matrix": {
		"rows": 4,
		"cols": 14
	},
	"layouts": {
		"keymap": [
			[
				{
					"w": 1.5
				},
				"0,0",
				"0,1",
				"0,2",
				"0,3",
				"0,4",
				"0,5",
				"0,6",
				"0,7",
				"0,8",
				"0,9",
				"0,10",
				"0,11",
				"0,12",
				{
					"x": 0.25,
					"w": 1.25,
					"h": 2,
					"w2": 1.5,
					"h2": 1,
					"x2": -0.25
				},
				"1,13"
			],
			[
				{
					"w": 1.75
				},
				"1,0",
				"1,1",
				"1,2",
				"1,3",
				"1,4",
				"1,5",
				"1,6",
				"1,7",
				"1,8",
				"1,9",
				"1,10",
				"1,11",
				"1,12"
			],
			[
				{
					"w": 2.25
				},
				"2,0",
				"2,1",
				"2,2",
				"2,3",
				"2,4",
				"2,5",
				"2,6",
				"2,7",
				"2,8",
				"2,9",
				"2,10",
				"2,11",
				{
					"w": 1.75
				},
				"2,12"
			],
			[
				{
					"x": 2.5
				},
				"3,0",
				{
					"w": 1.25
				},
				"3,1",
				"3,2",
				{
					"w": 2
				},
				"3,3",
				"3,4",
				{
					"w": 1.25
				},
				"3,5",
				"3,6"
			]
		]
	}
}