{
  "manufacturer": "Daraku-Neko",
  "keyboard_name": "GPK60-46SGR",
  "maintainer": "Daraku-Neko",
  "bootloader": "rp2040",
  "diode_direction": "COL2ROW",
  "features": {
    "bootmagic": true,
    "command": false,
    "console": false,
    "extrakey": true,
    "mousekey": true,
    "nkro": true,
    "rgblight": true
  },
  "matrix_pins": {
    "rows": [
      "GP1",
      "GP2",
      "GP3",
      "GP4"
    ],
    "cols": [
      "GP5",
      "GP6",
      "GP7",
      "GP8",
      "GP9",
      "GP10",
      "GP11",
      "GP12",
      "GP13",
      "GP14",
      "GP15",
      "GP16",
      "GP17"
    ]
  },
  "processor": "RP2040",
  "url": "",
  "usb": {
    "device_version": "1.0.0",
    "pid": "0x1423",
    "vid": "0xFEED"
  },
  "rgblight": {
    "led_count": 10,
    "pin": "GP0",
    "sleep": true,
    "animations": {
      "alternating": true,
      "breathing": true,
      "christmas": true,
      "knight": true,
      "rainbow_mood": true,
      "rainbow_swirl": true,
      "rgb_test": true,
      "snake": true,
      "static_gradient": true,
      "twinkle": true
    }
  },
  "layouts": {
    "LAYOUT": {
      "layout": [
        {
          "label": "Esc",
          "matrix": [
            0,
            0
          ],
          "w": 1.5,
          "x": 0.1,
          "y": 0.45
        },
        {
          "label": "Q",
          "matrix": [
            0,
            1
          ],
          "x": 1.5999999999999999,
          "y": 0.45
        },
        {
          "label": "P",
          "matrix": [
            0,
            10
          ],
          "x": 11.950000000000001,
          "y": 0.45
        },
        {
          "label": "[",
          "matrix": [
            0,
            11
          ],
          "x": 12.950000000000001,
          "y": 0.45
        },
        {
          "label": "]",
          "matrix": [
            0,
            12
          ],
          "x": 13.950000000000001,
          "y": 0.45
        },
        {
          "label": "MT(MOD_LCTL,KC_TAB)",
          "matrix": [
            1,
            0
          ],
          "w": 1.75,
          "x": 0,
          "y": 1.45
        },
        {
          "label": "A",
          "matrix": [
            1,
            1
          ],
          "x": 1.75,
          "y": 1.45
        },
        {
          "label": ";",
          "matrix": [
            1,
            10
          ],
          "x": 12,
          "y": 1.45
        },
        {
          "label": "'",
          "matrix": [
            1,
            11
          ],
          "x": 13,
          "y": 1.45
        },
        {
          "label": "\\",
          "matrix": [
            1,
            12
          ],
          "x": 14,
          "y": 1.45
        },
        {
          "label": "Left Shift",
          "matrix": [
            2,
            0
          ],
          "w": 1.75,
          "x": 0,
          "y": 2.45
        },
        {
          "label": "Z",
          "matrix": [
            2,
            1
          ],
          "x": 1.75,
          "y": 2.45
        },
        {
          "label": "/",
          "matrix": [
            2,
            10
          ],
          "x": 12,
          "y": 2.45
        },
        {
          "label": "MT(MOD_LSFT, KC_SCLN)",
          "matrix": [
            2,
            11
          ],
          "w": 1.75,
          "x": 13,
          "y": 2.45
        },
        {
          "label": "Left Alt",
          "matrix": [
            3,
            0
          ],
          "w": 1.75,
          "x": 0,
          "y": 3.45
        },
        {
          "label": "Right Alt",
          "matrix": [
            3,
            9
          ],
          "w": 1.75,
          "x": 12.450000000000001,
          "y": 3.45
        },
        {
          "label": "W",
          "matrix": [
            0,
            2
          ],
          "x": 3.05,
          "y": 0
        },
        {
          "label": "E",
          "matrix": [
            0,
            3
          ],
          "x": 4.050000000000001,
          "y": 0
        },
        {
          "label": "R",
          "matrix": [
            0,
            4
          ],
          "x": 5.050000000000001,
          "y": 0
        },
        {
          "label": "T",
          "matrix": [
            0,
            5
          ],
          "x": 6.050000000000001,
          "y": 0
        },
        {
          "label": "S",
          "matrix": [
            1,
            2
          ],
          "x": 3.25,
          "y": 1
        },
        {
          "label": "D",
          "matrix": [
            1,
            3
          ],
          "x": 4.25,
          "y": 1
        },
        {
          "label": "F",
          "matrix": [
            1,
            4
          ],
          "x": 5.25,
          "y": 1
        },
        {
          "label": "G",
          "matrix": [
            1,
            5
          ],
          "x": 6.25,
          "y": 1
        },
        {
          "label": "X",
          "matrix": [
            2,
            2
          ],
          "x": 3.4499999999999997,
          "y": 2
        },
        {
          "label": "C",
          "matrix": [
            2,
            3
          ],
          "x": 4.45,
          "y": 2
        },
        {
          "label": "V",
          "matrix": [
            2,
            4
          ],
          "x": 5.45,
          "y": 2
        },
        {
          "label": "B",
          "matrix": [
            2,
            5
          ],
          "x": 6.45,
          "y": 2
        },
        {
          "label": "Left GUI",
          "matrix": [
            3,
            1
          ],
          "w": 1.25,
          "x": 3.65,
          "y": 3
        },
        {
          "label": "MO(2)",
          "matrix": [
            3,
            2
          ],
          "w": 1.55,
          "x": 4.9,
          "y": 3
        },
        {
          "label": "LT(1, KC_SPC)",
          "matrix": [
            3,
            3
          ],
          "x": 6.45,
          "y": 3
        },
        {
          "label": "Y",
          "matrix": [
            0,
            6
          ],
          "x": 7.45,
          "y": 2.1
        },
        {
          "label": "U",
          "matrix": [
            0,
            7
          ],
          "x": 8.450000000000001,
          "y": 2.1
        },
        {
          "label": "I",
          "matrix": [
            0,
            8
          ],
          "x": 9.450000000000001,
          "y": 2.1
        },
        {
          "label": "O",
          "matrix": [
            0,
            9
          ],
          "x": 10.450000000000001,
          "y": 2.1
        },
        {
          "label": "H",
          "matrix": [
            1,
            6
          ],
          "x": 7.3500000000000005,
          "y": 3.1
        },
        {
          "label": "J",
          "matrix": [
            1,
            7
          ],
          "x": 8.35,
          "y": 3.1
        },
        {
          "label": "K",
          "matrix": [
            1,
            8
          ],
          "x": 9.35,
          "y": 3.1
        },
        {
          "label": "L",
          "matrix": [
            1,
            9
          ],
          "x": 10.35,
          "y": 3.1
        },
        {
          "label": "N",
          "matrix": [
            2,
            6
          ],
          "x": 7.2,
          "y": 4.1
        },
        {
          "label": "M",
          "matrix": [
            2,
            7
          ],
          "x": 8.200000000000001,
          "y": 4.1
        },
        {
          "label": ",",
          "matrix": [
            2,
            8
          ],
          "x": 9.200000000000001,
          "y": 4.1
        },
        {
          "label": ".",
          "matrix": [
            2,
            9
          ],
          "x": 10.200000000000001,
          "y": 4.1
        },
        {
          "label": "LT(1, KC_ENT)",
          "matrix": [
            3,
            6
          ],
          "x": 7.2,
          "y": 5.1
        },
        {
          "label": "LT(2, KC_BSPC)",
          "matrix": [
            3,
            7
          ],
          "w": 1.5,
          "x": 8.200000000000001,
          "y": 5.1
        },
        {
          "label": "Right GUI",
          "matrix": [
            3,
            8
          ],
          "w": 1.25,
          "x": 9.700000000000001,
          "y": 5.1
        }
      ]
    }
  },
  "matrix_size": {
    "rows": 4,
    "cols": 13
  }
}