{
  "manufacturer": "Daraku-Neko",
  "keyboard_name": "GPK60-45C",
  "maintainer": "Daraku-Neko",
  "bootloader": "caterina",
  "diode_direction": "COL2ROW",
  "features": {
    "bootmagic": true,
    "command": false,
    "console": false,
    "extrakey": true,
    "mousekey": true,
    "nkro": true,
    "rgblight": true
  },
  "ws2812": {
		"pin": "D3"
	},
  "rgblight": {
    "led_count": 10,
    "sleep": true,
    "animations": {
      "alternating": false,
      "breathing": false,
      "christmas": false,
      "knight": false,
      "rainbow_mood": false,
      "rainbow_swirl": false,
      "rgb_test": false,
      "snake": false,
      "static_gradient": false,
      "twinkle": false
    }
  },
  "matrix_pins": {
    "rows": [
      "F4", "F5", "F6", "F7", "B1", "B3", "B2", "B6"
    ],
    "cols": [
      "D4", "C6", "D7", "E6", "B4", "B5"
    ]
  },
  "processor": "atmega32u4",
  "url": "",
  "usb": {
    "device_version": "1.0.0",
    "pid": "0x1543",
    "vid": "0x7A79"
  },
  "layouts": {
    "LAYOUT": {
      "layout": [
        {
          "label": "0,0",
          "matrix": [
            0,
            0
          ],
          "x": 0,
          "y": 0
        },
        {
          "label": "0,1",
          "matrix": [
            0,
            1
          ],
          "x": 1,
          "y": 0
        },
        {
          "label": "0,2",
          "matrix": [
            0,
            2
          ],
          "x": 2,
          "y": 0
        },
        {
          "label": "0,3",
          "matrix": [
            0,
            3
          ],
          "x": 3,
          "y": 0
        },
        {
          "label": "0,4",
          "matrix": [
            0,
            4
          ],
          "x": 4,
          "y": 0
        },
        {
          "label": "0,5",
          "matrix": [
            0,
            5
          ],
          "x": 5,
          "y": 0
        },
        {
          "label": "3,3",
          "matrix": [
            3,
            3
          ],
          "x": 6.75,
          "y": 0
        },
        {
          "label": "3,4",
          "matrix": [
            3,
            4
          ],
          "x": 7.75,
          "y": 0
        },
        {
          "label": "3,5",
          "matrix": [
            3,
            5
          ],
          "x": 8.75,
          "y": 0
        },
        {
          "label": "4,0",
          "matrix": [
            4,
            0
          ],
          "x": 9.75,
          "y": 0
        },
        {
          "label": "4,1",
          "matrix": [
            4,
            1
          ],
          "x": 10.75,
          "y": 0
        },
        {
          "label": "4,2",
          "matrix": [
            4,
            2
          ],
          "x": 11.75,
          "y": 0
        },
        {
          "label": "4,3",
          "matrix": [
            4,
            3
          ],
          "x": 12.75,
          "y": 0
        },
        {
          "label": "1,0",
          "matrix": [
            1,
            0
          ],
          "x": 0,
          "y": 1
        },
        {
          "label": "1,1",
          "matrix": [
            1,
            1
          ],
          "x": 1,
          "y": 1
        },
        {
          "label": "1,2",
          "matrix": [
            1,
            2
          ],
          "x": 2,
          "y": 1
        },
        {
          "label": "1,3",
          "matrix": [
            1,
            3
          ],
          "x": 3,
          "y": 1
        },
        {
          "label": "1,4",
          "matrix": [
            1,
            4
          ],
          "x": 4,
          "y": 1
        },
        {
          "label": "1,5",
          "matrix": [
            1,
            5
          ],
          "x": 5,
          "y": 1
        },
        {
          "label": "4,4",
          "matrix": [
            4,
            4
          ],
          "x": 6.75,
          "y": 1
        },
        {
          "label": "4,5",
          "matrix": [
            4,
            5
          ],
          "x": 7.75,
          "y": 1
        },
        {
          "label": "5,0",
          "matrix": [
            5,
            0
          ],
          "x": 8.75,
          "y": 1
        },
        {
          "label": "5,1",
          "matrix": [
            5,
            1
          ],
          "x": 9.75,
          "y": 1
        },
        {
          "label": "5,2",
          "matrix": [
            5,
            2
          ],
          "x": 10.75,
          "y": 1
        },
        {
          "label": "5,3",
          "matrix": [
            5,
            3
          ],
          "x": 11.75,
          "y": 1
        },
        {
          "label": "5,4",
          "matrix": [
            5,
            4
          ],
          "x": 12.75,
          "y": 1
        },
        {
          "label": "2,0",
          "matrix": [
            2,
            0
          ],
          "x": 0,
          "y": 2
        },
        {
          "label": "2,1",
          "matrix": [
            2,
            1
          ],
          "x": 1,
          "y": 2
        },
        {
          "label": "2,2",
          "matrix": [
            2,
            2
          ],
          "x": 2,
          "y": 2
        },
        {
          "label": "2,3",
          "matrix": [
            2,
            3
          ],
          "x": 3,
          "y": 2
        },
        {
          "label": "2,4",
          "matrix": [
            2,
            4
          ],
          "x": 4,
          "y": 2
        },
        {
          "label": "2,5",
          "matrix": [
            2,
            5
          ],
          "x": 5,
          "y": 2
        },
        {
          "label": "5,5",
          "matrix": [
            5,
            5
          ],
          "x": 6.75,
          "y": 2
        },
        {
          "label": "6,0",
          "matrix": [
            6,
            0
          ],
          "x": 7.75,
          "y": 2
        },
        {
          "label": "6,1",
          "matrix": [
            6,
            1
          ],
          "x": 8.75,
          "y": 2
        },
        {
          "label": "6,2",
          "matrix": [
            6,
            2
          ],
          "x": 9.75,
          "y": 2
        },
        {
          "label": "6,3",
          "matrix": [
            6,
            3
          ],
          "x": 10.75,
          "y": 2
        },
        {
          "label": "6,4",
          "matrix": [
            6,
            4
          ],
          "x": 11.75,
          "y": 2
        },
        {
          "label": "6,5",
          "matrix": [
            6,
            5
          ],
          "x": 12.75,
          "y": 2
        },
        {
          "label": "3,0",
          "matrix": [
            3,
            0
          ],
          "x": 3,
          "y": 3
        },
        {
          "label": "3,1",
          "matrix": [
            3,
            1
          ],
          "x": 4,
          "y": 3
        },
        {
          "label": "3,2",
          "matrix": [
            3,
            2
          ],
          "x": 5,
          "y": 3
        },
        {
          "label": "7,0",
          "matrix": [
            7,
            0
          ],
          "x": 6.75,
          "y": 3
        },
        {
          "label": "7,1",
          "matrix": [
            7,
            1
          ],
          "x": 7.75,
          "y": 3
        },
        {
          "label": "7,2",
          "matrix": [
            7,
            2
          ],
          "x": 8.75,
          "y": 3
        }
      ]
    }
  },
  "matrix_size": {
    "rows": 8,
    "cols": 6
  }
}