{
	"name": "GPK60-33R",
	"vendorId": "0xFEED",
	"productId": "0x1420",
	"lighting": "none",
	"matrix": {
    "rows": 5,
    "cols": 7
	},
	"layouts": {
		"keymap": [
			[
        {
          "x": 1.25
        },
        "0,0",
        "0,1",
        "0,2",
        "0,3",
        "0,4",
        "0,5",
        "0,6",
        "1,0",
        "1,1",
        "1,2",
        {
          "x": 0.25,
          "w": 1.25,
          "h": 2,
          "w2": 1.5,
          "h2": 1,
          "x2": -0.25
        },
        "1,3"
      ],
      [
        {
          "x": 1.5
        },
        "1,5",
        "1,6",
        "2,0",
        "2,1",
        "2,2",
        "2,3",
        "2,4",
        "2,5",
        "2,6",
        "3,0"
      ],
      [
        {
          "w": 2.25
        },
        "3,1",
        "3,2",
        "3,3",
        "3,4",
        "3,5",
        "3,6",
        "4,0",
        "4,1",
        "4,2",
        "4,3",
        {
          "w": 1.5
        },
        "4,4"
      ],
      [
        {
          "ry": 18,
          "y": -17,
          "w": 1.25,
          "w2": 1.5
        },
        "1,4"
      ]
    ]
	}
}