{
  "vendorId": "0xFEED",
  "productId": "0x1417",
  "lighting": "none",
  "matrix": {
    "rows": 8,
    "cols": 7
  },
  "layouts": {
    "keymap": [
      [
        "0,0",
        "0,1",
        "0,2",
        "0,3",
        "0,4",
        "0,5",
        "0,6",
        "1,0",
        "1,1",
        "1,2",
        "1,3",
        "1,4",
        "1,5",
        {
          "x": 0.75
        },
        "7,3"
      ],
      [
        "1,6",
        "2,0",
        "2,1",
        "2,2",
        "2,3",
        "2,4",
        "2,5",
        "2,6",
        "3,0",
        "3,1",
        "3,2",
        "3,3",
        "3,4",
        {
          "x": 0.75
        },
        "7,4"
      ],
      [
        "3,5",
        "3,6",
        "4,0",
        "4,1",
        "4,2",
        "4,3",
        "4,4",
        "4,5",
        "4,6",
        "5,0",
        "5,1",
        "5,2",
        {
          "x": 1.75
        },
        "7,5"
      ],
      [
        {
          "y": -0.75,
          "x": 12.25
        },
        "5,3"
      ],
      [
        {
          "y": -0.25
        },
        "5,4",
        "5,5",
        "5,6",
        "6,0",
        "6,1",
        {
          "w": 1.5
        },
        "6,2",
        {
          "w": 1.5
        },
        "6,3",
        "6,4",
        "6,5",
        "6,6"
      ],
      [
        {
          "y": -0.75,
          "x": 11.25
        },
        "7,0",
        "7,1",
        "7,2"
      ]
    ]
  },
  "name": "GPK60-55O"
}