{
    "manufacturer": "GRINkeebs",
    "keyboard_name": "GRIN Type-R",
    "maintainer": "policium",
    "bootloader": "rp2040",
    "diode_direction": "COL2ROW",
    "features": {
        "bootmagic": true,
        "command": false,
        "console": false,
        "extrakey": true,
        "mousekey": true,
        "nkro": true
    },
    "matrix_pins": {
        "cols": ["GP8", "GP7", "GP6", "GP2", "GP3", "GP4", "GP5", "GP10", "GP15", "GP14", "GP13", "GP12", "GP11", "GP9", "GP21"],
        "rows": ["GP20", "GP19", "GP18", "GP17", "GP16"]
    },
    "processor": "RP2040",
    "url": "",
    "usb": {
        "vid": "0x476B",
        "pid": "0x0001",
        "device_version": "1.0.0"
    },
    "layouts": {
        "LAYOUT": {
            "layout": [
                { "matrix": [0, 0], "x": 0, "y": 0 },
                { "matrix": [0, 1], "x": 1, "y": 0 },
                { "matrix": [0, 2], "x": 2, "y": 0 },
                { "matrix": [0, 3], "x": 3, "y": 0 },
                { "matrix": [0, 4], "x": 4, "y": 0 },
                { "matrix": [0, 5], "x": 5, "y": 0 },
                { "matrix": [0, 6], "x": 6, "y": 0 },
                { "matrix": [0, 7], "x": 7, "y": 0 },
                { "matrix": [0, 8], "x": 8, "y": 0 },
                { "matrix": [0, 9], "x": 9, "y": 0 },
                { "matrix": [0, 10], "x": 10, "y": 0 },
                { "matrix": [0, 11], "x": 11, "y": 0 },
                { "matrix": [0, 12], "x": 12, "y": 0 },
                { "matrix": [0, 13], "x": 13, "y": 0 },
                { "matrix": [0, 14], "x": 14, "y": 0 },
                { "matrix": [1, 14], "x": 15.25, "y": 0 },

                { "matrix": [1, 0], "x": 0, "y": 1, "w": 1.5 },
                { "matrix": [1, 1], "x": 1.5, "y": 1 },
                { "matrix": [1, 2], "x": 2.5, "y": 1 },
                { "matrix": [1, 3], "x": 3.5, "y": 1 },
                { "matrix": [1, 4], "x": 4.5, "y": 1 },
                { "matrix": [1, 5], "x": 5.5, "y": 1 },
                { "matrix": [1, 6], "x": 6.5, "y": 1 },
                { "matrix": [1, 7], "x": 7.5, "y": 1 },
                { "matrix": [1, 8], "x": 8.5, "y": 1 },
                { "matrix": [1, 9], "x": 9.5, "y": 1 },
                { "matrix": [1, 10], "x": 10.5, "y": 1 },
                { "matrix": [1, 11], "x": 11.5, "y": 1 },
                { "matrix": [1, 12], "x": 12.5, "y": 1 },
                { "matrix": [1, 13], "x": 13.5, "y": 1 },
                { "matrix": [2, 14], "x": 15.25, "y": 1 },

                { "matrix": [2, 0], "x": 0, "y": 2, "w": 1.75 },
                { "matrix": [2, 1], "x": 1.75, "y": 2 },
                { "matrix": [2, 2], "x": 2.75, "y": 2 },
                { "matrix": [2, 3], "x": 3.75, "y": 2 },
                { "matrix": [2, 4], "x": 4.75, "y": 2 },
                { "matrix": [2, 5], "x": 5.75, "y": 2 },
                { "matrix": [2, 6], "x": 6.75, "y": 2 },
                { "matrix": [2, 7], "x": 7.75, "y": 2 },
                { "matrix": [2, 8], "x": 8.75, "y": 2 },
                { "matrix": [2, 9], "x": 9.75, "y": 2 },
                { "matrix": [2, 10], "x": 10.75, "y": 2 },
                { "matrix": [2, 11], "x": 11.75, "y": 2 },
                { "matrix": [2, 12], "x": 12.75, "y": 2 },
                { "matrix": [2, 13], "x": 14.75, "y": 2 },
                { "matrix": [3, 14], "x": 15.25, "y": 2 },

                { "matrix": [3, 0], "x": 0, "y": 3, "w": 1.25 },
                { "matrix": [3, 1], "x": 1.25, "y": 3 },
                { "matrix": [3, 2], "x": 2.25, "y": 3 },
                { "matrix": [3, 3], "x": 3.25, "y": 3 },
                { "matrix": [3, 4], "x": 4.25, "y": 3 },
                { "matrix": [3, 5], "x": 5.25, "y": 3 },
                { "matrix": [3, 6], "x": 6.25, "y": 3 },
                { "matrix": [3, 7], "x": 7.25, "y": 3 },
                { "matrix": [3, 8], "x": 8.25, "y": 3 },
                { "matrix": [3, 9], "x": 9.25, "y": 3 },
                { "matrix": [3, 10], "x": 10.25, "y": 3 },
                { "matrix": [3, 11], "x": 11.25, "y": 3 },
                { "matrix": [3, 12], "x": 12.25, "y": 3 },
                { "matrix": [3, 13], "x": 12.25, "y": 3 },
                { "matrix": [4, 13], "x": 14.5, "y": 3.25 },

                { "matrix": [4, 0], "x": 0, "y": 4 },
                { "matrix": [4, 1], "x": 1.25, "y": 4 },
                { "matrix": [4, 2], "x": 2.5, "y": 4 },
                { "matrix": [4, 4], "x": 3.75, "y": 4 },
                { "matrix": [4, 5], "x": 5, "y": 4 },
                { "matrix": [4, 6], "x": 5.25, "y": 4 },
                { "matrix": [4, 7], "x": 6.75, "y": 4 },
                { "matrix": [4, 8], "x": 8.5, "y": 4 },
                { "matrix": [4, 9], "x": 9.75, "y": 4 },
                { "matrix": [4, 10], "x": 11, "y": 4 },
                { "matrix": [4, 11], "x": 13.5, "y": 4 },
                { "matrix": [4, 12], "x": 14.5, "y": 4 },
                { "matrix": [4, 14], "x": 16.5, "y": 4 }
            ]
        }
    }
}
