{
  "name": "Oyamada Alicia V2",
  "vendorId": "0x7A79",
  "productId": "0x1557",
  "lighting": "vialrgb",
  "matrix": {
    "rows": 4,
    "cols": 13
  },
  "layouts": {
    "labels": [],
    "keymap": [
      [{"y":0.45,"x":0.2,"w":1.5},"0,0","0,1",{"x":9.35},"0,10","0,11","0,12"],
      [{"x":0.1,"w":1.75},"1,0","1,1",{"x":9.5},"1,10","1,11","1,12"],
      [{"x":0.1,"w":1.75},"2,0","2,1",{"x":9.2},"2,9","2,10",{"w":1.25},"2,11"],
      [{"x":0.1,"w":1.75},"3,0",{"x":11.7,"w":1.75},"3,11"],
      [{"r":8,"y":-4.45,"x":3.15},"0,2","0,3","0,4","0,5"],
      [{"x":3.35},"1,2","1,3","1,4","1,5"],
      [{"x":3.55},"2,2","2,3","2,4","2,5"],
      [{"x":4,"w":1.25},"3,2",{"w":1.5},"3,3","3,5"],
      [{"r":-8,"y":-1.9,"x":7.55},"0,6","0,7","0,8","0,9"],
      [{"x":7.7},"1,6","1,7","1,8","1,9"],
      [{"x":8.05},"2,6","2,7","2,8"],
      [{"x":7.65},"3,6",{"w":1.25},"3,7",{"w":1.25},"3,8"]
    ]
  }
}