{
  "manufacturer": "Daraku-Neko",
  "keyboard_name": "GPK60-51R V2",
  "maintainer": "Daraku-Neko",
  "bootloader": "rp2040",
  "diode_direction": "COL2ROW",
  "processor": "RP2040",
  "features": {
    "console": false,
    "extrakey": true,
    "mousekey": true,
    "nkro": true,
    "rgblight": true
  },
	"ws2812": {
		"driver": "vendor",
		"pin": "GP0"
	},
  "rgblight": {
    "led_count": 8,
    "sleep": true,
    "animations": {
		"breathing": true,
		"rainbow_mood": true,
		"rainbow_swirl": true,
		"snake": true,
		"knight": true,
		"christmas": true,
		"static_gradient": true,
		"rgb_test": true,
		"alternating": true,
		"twinkle": true
    }
  },
  "matrix_pins": {
    "rows": [
      "GP1", "GP2", "GP3", "GP4"
    ],
    "cols": [
      "GP5", "GP6", "GP7", "GP8", "GP9", "GP10", "GP11","GP12","GP13","GP14","GP15","GP26", "GP27"
    ]
  },
  "url": "",
  "usb": {
    "device_version": "1.0.0",
    "pid": "0x1552",
    "vid": "0x7A79"
  },
  "encoder": {
		"enabled": true,
		"rotary": [
			{
				"pin_a": "GP28",
				"pin_b": "GP29",
				"resolution": 2
			}
		]
	},
  "layouts": {
		"LAYOUT": {
			"layout": [
				{ "matrix": [0,0], "x": 0, "y": 0 },
				{ "matrix": [0,1], "x": 1, "y": 0 },
				{ "matrix": [0,2], "x": 2, "y": 0 },
				{ "matrix": [0,3], "x": 3, "y": 0 },
				{ "matrix": [0,4], "x": 4, "y": 0 },
				{ "matrix": [0,5], "x": 5, "y": 0 },
				{ "matrix": [0,6], "x": 6.75, "y": 0 },
				{ "matrix": [0,7], "x": 7.75, "y": 0 },
				{ "matrix": [0,8], "x": 8.75, "y": 0 },
				{ "matrix": [0,9], "x": 9.75, "y": 0 },
				{ "matrix": [0,10], "x": 10.75, "y": 0 },
				{ "matrix": [0,11], "x": 10.75, "y": 0 },
				{ "matrix": [0,12], "x": 10.75, "y": 0 },
        		{ "matrix": [3,11], "x": 10.75, "y": 2 },
	 			{ "matrix": [1,0], "x": 0, "y": 1 },
				{ "matrix": [1,1], "x": 1, "y": 1 },
				{ "matrix": [1,2], "x": 2, "y": 1 },
				{ "matrix": [1,3], "x": 3, "y": 1 },
				{ "matrix": [1,4], "x": 4, "y": 1 },
				{ "matrix": [1,5], "x": 5, "y": 1 },
				{ "matrix": [1,6], "x": 6.75, "y": 1 },
				{ "matrix": [1,7], "x": 7.75, "y": 1 },
				{ "matrix": [1,8], "x": 8.75, "y": 1 },
				{ "matrix": [1,9], "x": 9.75, "y": 1 },
				{ "matrix": [1,10], "x": 10.75, "y": 1 },
        		{ "matrix": [1,11], "x": 10.75, "y": 1 },
				{ "matrix": [1,12], "x": 10.75, "y": 1 },
    		    { "matrix": [3,12], "x": 10.75, "y": 2 },
				{ "matrix": [2,0], "x": 0, "y": 2 },
				{ "matrix": [2,1], "x": 1, "y": 2 },
				{ "matrix": [2,2], "x": 2, "y": 2 },
				{ "matrix": [2,3], "x": 3, "y": 2 },
				{ "matrix": [2,4], "x": 4, "y": 2 },
				{ "matrix": [2,5], "x": 5, "y": 2 },
				{ "matrix": [2,6], "x": 6.75, "y": 2 },
				{ "matrix": [2,7], "x": 7.75, "y": 2 },
				{ "matrix": [2,8], "x": 8.75, "y": 2 },
				{ "matrix": [2,9], "x": 9.75, "y": 2 },
				{ "matrix": [2,10], "x": 10.75, "y": 2 },
        		{ "matrix": [2,11], "x": 10.75, "y": 2 },
				{ "matrix": [2,12], "x": 10.75, "y": 2 },
		        { "matrix": [3,0], "x": 0, "y": 2 },
				{ "matrix": [3,1], "x": 1, "y": 2 },
				{ "matrix": [3,2], "x": 2, "y": 2 },
				{ "matrix": [3,3], "x": 3, "y": 2 },
				{ "matrix": [3,4], "x": 4, "y": 3 },
				{ "matrix": [3,5], "x": 5, "y": 3 },
				{ "matrix": [3,6], "x": 6.75, "y": 3 },
				{ "matrix": [3,7], "x": 7.75, "y": 3 },
				{ "matrix": [3,8], "x": 8.75, "y": 3 },
				{ "matrix": [3,9], "x": 9.75, "y": 2 },
				{ "matrix": [3,10], "x": 10.75, "y": 2 }
			]
		}
  },
  "matrix_size": {
    "rows": 4,
    "cols": 13
  }
}