{
  "name": "ergotonic_f24",
  "vendorId": "0xBB01",
  "productId": "0x0012",
  "lighting": "qmk_rgblight",
  "matrix": {
    "rows": 8,
    "cols": 9
  },
  "layouts": {
    "keymap": 
    [
      [
        {
          "y": 1.5,
          "x": 0.25
        },
        "0,0\n\n\n\n\n\n\n\n\ne",
        {
          "x": 16.35
        },
        "2,0\n\n\n\n\n\n\n\n\ne"
      ],
      [
        {
          "x": 0.25
        },
        "3,0",
        {
          "x": 16.35
        },
        "7,6"
      ],
      [
        {
          "x": 0.25
        },
        "0,1\n\n\n\n\n\n\n\n\ne",
        {
          "x": 16.35
        },
        "2,1\n\n\n\n\n\n\n\n\ne"
      ],
      [
        {
          "y": 1.25,
          "x": 6
        },
        "1,0\n\n\n\n\n\n\n\n\ne",
        "0,8",
        "1,1\n\n\n\n\n\n\n\n\ne",
        {
          "x": 0.75
        },
        "3,0\n\n\n\n\n\n\n\n\ne",
        "4,8",
        "3,1\n\n\n\n\n\n\n\n\ne"
      ],
      [
        {
          "r": -359.71,
          "rx": 3.19,
          "ry": 1.13,
          "y": -0.5,
          "x": -0.5
        },
        "0,1"
      ],
      [
        {
          "r": 0.84,
          "rx": 6.22,
          "ry": 0,
          "y": 0.37,
          "x": -0.5
        },
        "0,4"
      ],
      [
        {
          "r": 1.06,
          "rx": 14.64,
          "ry": 0.9,
          "y": -0.5,
          "x": -0.5
        },
        "4,4"
      ],
      [
        {
          "r": -358.88,
          "rx": 2.19,
          "ry": 1.2,
          "y": -0.5,
          "x": -0.5
        },
        "0,0"
      ],
      [
        {
          "r": 1.98,
          "rx": 13.64,
          "ry": 0.54,
          "y": -0.5,
          "x": -0.5
        },
        "4,3"
      ],
      [
        {
          "r": 2.02,
          "rx": 5.2,
          "ry": 1.58,
          "y": -0.5,
          "x": -0.5
        },
        "1,3"
      ],
      [
        {
          "rx": 7.23,
          "ry": 1.48,
          "y": -0.5,
          "x": -0.5
        },
        "0,5"
      ],
      [
        {
          "r": 2.05,
          "rx": 12.63,
          "ry": 0.83,
          "y": -0.5,
          "x": -0.5
        },
        "4,2"
      ],
      [
        {
          "r": -356.38,
          "rx": 6.2,
          "ry": 1.89,
          "y": -0.5,
          "x": -0.5
        },
        "1,4"
      ],
      [
        {
          "r": -355.42,
          "rx": 4.17,
          "ry": 1.95,
          "y": -0.5,
          "x": -0.5
        },
        "1,2"
      ],
      [
        {
          "r": 5.43,
          "rx": 7.16,
          "ry": 2.5,
          "y": -0.5,
          "x": -0.5
        },
        "1,5"
      ],
      [
        {
          "r": 6.55,
          "rx": 3.13,
          "ry": 2.18,
          "y": -0.5,
          "x": -0.5
        },
        "1,1"
      ],
      [
        {
          "r": 7.57,
          "rx": 2.11,
          "ry": 2.25,
          "y": -0.5,
          "x": -0.5
        },
        "1,0"
      ],
      [
        {
          "r": 7.62,
          "rx": 5.11,
          "ry": 2.63,
          "y": -0.5,
          "x": -0.5
        },
        "2,3"
      ],
      [
        {
          "r": 8.51,
          "rx": 6.09,
          "ry": 2.92,
          "y": -0.5,
          "x": -0.5
        },
        "2,4"
      ],
      [
        {
          "r": 10.66,
          "rx": 4.03,
          "ry": 2.99,
          "y": -0.5,
          "x": -0.5
        },
        "2,2"
      ],
      [
        {
          "r": 10.85,
          "rx": 2.97,
          "ry": 3.2,
          "y": -0.5,
          "x": -0.5
        },
        "2,1"
      ],
      [
        {
          "r": -348.92,
          "rx": 7.01,
          "ry": 3.54,
          "y": -0.5,
          "x": -0.5
        },
        "2,5"
      ],
      [
        {
          "r": 11.13,
          "rx": 7.98,
          "ry": 3.8,
          "y": -0.5,
          "x": -0.5
        },
        "2,6"
      ],
      [
        {
          "r": -346.53,
          "rx": 4.93,
          "ry": 3.65,
          "y": -0.5,
          "x": -0.5
        },
        "3,3"
      ],
      [
        {
          "r": 14,
          "rx": 5.89,
          "ry": 3.94,
          "y": -0.5,
          "x": -0.5
        },
        "3,4"
      ],
      [
        {
          "r": 14.39,
          "rx": 1.91,
          "ry": 3.29,
          "y": -0.5,
          "x": -0.5
        },
        "2,0"
      ],
      [
        {
          "r": 15.11,
          "rx": 7.71,
          "ry": 4.93,
          "y": -0.6200000000000001,
          "x": -0.5,
          "h": 1.25
        },
        "3,6"
      ],
      [
        {
          "r": 15.12,
          "rx": 6.75,
          "ry": 4.67,
          "y": -0.6200000000000001,
          "x": -0.5,
          "h": 1.25
        },
        "3,5"
      ],
      [
        {
          "r": -15.12,
          "rx": 12.1,
          "ry": 4.66,
          "y": -0.6200000000000001,
          "x": -0.5,
          "h": 1.25
        },
        "7,1"
      ],
      [
        {
          "r": -15.11,
          "rx": 11.14,
          "ry": 4.93,
          "y": -0.6200000000000001,
          "x": -0.5,
          "h": 1.25
        },
        "7,0"
      ],
      [
        {
          "r": -14.39,
          "rx": 16.94,
          "ry": 3.29,
          "y": -0.5,
          "x": -0.5
        },
        "6,6"
      ],
      [
        {
          "r": -14,
          "rx": 12.96,
          "ry": 3.94,
          "y": -0.5,
          "x": -0.5
        },
        "7,2"
      ],
      [
        {
          "r": -13.47,
          "rx": 13.92,
          "ry": 3.65,
          "y": -0.5,
          "x": -0.5
        },
        "7,3"
      ],
      [
        {
          "r": 348.87,
          "rx": 10.87,
          "ry": 3.8,
          "y": -0.5,
          "x": -0.5
        },
        "6,0"
      ],
      [
        {
          "r": -11.08,
          "rx": 11.83,
          "ry": 3.53,
          "y": -0.5,
          "x": -0.5
        },
        "6,1"
      ],
      [
        {
          "r": -10.85,
          "rx": 15.88,
          "ry": 3.2,
          "y": -0.5,
          "x": -0.5
        },
        "6,5"
      ],
      [
        {
          "r": -10.66,
          "rx": 14.81,
          "ry": 2.99,
          "y": -0.5,
          "x": -0.5
        },
        "6,4"
      ],
      [
        {
          "r": -8.51,
          "rx": 12.75,
          "ry": 2.91,
          "y": -0.5,
          "x": -0.5
        },
        "6,2"
      ],
      [
        {
          "r": -7.62,
          "rx": 13.73,
          "ry": 2.62,
          "y": -0.5,
          "x": -0.5
        },
        "6,3"
      ],
      [
        {
          "r": -7.57,
          "rx": 16.74,
          "ry": 2.25,
          "y": -0.5,
          "x": -0.5
        },
        "5,6"
      ],
      [
        {
          "r": -6.55,
          "rx": 15.71,
          "ry": 2.17,
          "y": -0.5,
          "x": -0.5
        },
        "5,5"
      ],
      [
        {
          "r": -5.43,
          "rx": 11.69,
          "ry": 2.5,
          "y": -0.5,
          "x": -0.5
        },
        "5,1"
      ],
      [
        {
          "r": -4.58,
          "rx": 14.68,
          "ry": 1.95,
          "y": -0.5,
          "x": -0.5
        },
        "5,4"
      ],
      [
        {
          "r": -3.62,
          "rx": 12.65,
          "ry": 1.88,
          "y": -0.5,
          "x": -0.5
        },
        "5,2"
      ],
      [
        {
          "r": -2.02,
          "rx": 11.62,
          "ry": 1.47,
          "y": -0.5,
          "x": -0.5
        },
        "4,1"
      ],
      [
        {
          "rx": 13.64,
          "ry": 1.58,
          "y": -0.5,
          "x": -0.5
        },
        "5,3"
      ],
      [
        {
          "r": -1.98,
          "rx": 5.2,
          "ry": 0.55,
          "y": -0.5,
          "x": -0.5
        },
        "0,3"
      ],
      [
        {
          "r": -1.12,
          "rx": 16.66,
          "ry": 1.2,
          "y": -0.5,
          "x": -0.5
        },
        "4,6"
      ],
      [
        {
          "r": -1.06,
          "rx": 4.2,
          "ry": 0.9,
          "y": -0.5,
          "x": -0.5
        },
        "0,2"
      ],
      [
        {
          "r": -0.28,
          "rx": 15.65,
          "ry": 1.12,
          "y": -0.5,
          "x": -0.5
        },
        "4,5"
      ]
    ]
  }
}