{
  "manufacturer": "Daraku-Neko",
  "keyboard_name": "Ieneko33R",
  "maintainer": "Daraku-Neko",
  "bootloader": "stm32-dfu",
  "diode_direction": "COL2ROW",
  "processor": "STM32L432",
  "features": {
    "bootmagic": true,
    "command": false,
    "console": false,
    "extrakey": true,
    "mousekey": true,
    "nkro": true,
    "rgb_matrix": true
  },
  "caps_word": {
    "enabled": true,
    "double_tap_shift_turns_on": true
  },
  "ws2812": {
		"driver": "pwm",
		"pin": "B0"
	},
  "rgb_matrix": {
		"driver": "ws2812",
		"timeout": 120000,
    "max_brightness": 180,
		"hue_steps": 4,
		"sat_steps": 4,
		"val_steps": 4,
		"speed_steps": 4,
		"animations": {
			"alphas_mods": true,
			"gradient_up_down": true,
			"gradient_left_right": true,
			"breathing": true,
			"band_sat": true,
			"band_val": true,
			"band_pinwheel_sat": true,
			"band_pinwheel_val": true,
			"band_spiral_sat": true,
			"band_spiral_val": true,
			"cycle_all": true,
			"cycle_left_right": true,
			"cycle_up_down": true,
			"cycle_out_in": true,
			"cycle_out_in_dual": true,
			"rainbow_moving_chevron": true,
			"cycle_pinwheel": true,
			"cycle_spiral": true,
			"dual_beacon": true,
			"rainbow_beacon": true,
			"rainbow_pinwheels": true,
			"raindrops": true,
			"jellybean_raindrops": true,
			"hue_breathing": true,
			"hue_pendulum": true,
			"hue_wave": true,
			"pixel_fractal": true,
			"pixel_flow": true,
			"pixel_rain": true,
			"typing_heatmap": true,
			"digital_rain": true,
			"solid_reactive_simple": true,
			"solid_reactive": true,
			"solid_reactive_wide": true,
			"solid_reactive_multiwide": true,
			"solid_reactive_cross": true,
			"solid_reactive_multicross": true,
			"solid_reactive_nexus": true,
			"solid_reactive_multinexus": true,
			"splash": true,
			"multisplash": true,
			"solid_splash": true,
			"solid_multisplash": true,
      "starlight": true,
      "starlight_dual_sat": true,
      "starlight_dual_hue": true,
      "riverflow": true
    },
    "layout": [
			{"matrix": [0, 0], "x": 20, "y": 0, "flags": 4},
			{"matrix": [0, 1], "x": 40, "y": 0, "flags": 4},
			{"matrix": [0, 2], "x": 60, "y": 0, "flags": 4},
			{"matrix": [0, 3], "x": 80, "y": 0, "flags": 4},
			{"matrix": [0, 4], "x": 100, "y": 0, "flags": 4},
			{"matrix": [0, 5], "x": 120, "y": 0, "flags": 4},
			{"matrix": [0, 6], "x": 140, "y": 0, "flags": 4},
			{"matrix": [0, 7], "x": 160, "y": 0, "flags": 4},
			{"matrix": [0, 8], "x": 180, "y": 0, "flags": 4},
			{"matrix": [0, 9], "x": 200, "y": 0, "flags": 4},
			{"matrix": [0, 10], "x": 220, "y": 0, "flags": 4},

			{"matrix": [1, 0], "x":  0, "y": 20, "flags": 4},
			{"matrix": [1, 1], "x": 20, "y": 20, "flags": 4},
			{"matrix": [1, 2], "x": 40, "y": 20, "flags": 4},
			{"matrix": [1, 3], "x": 60, "y": 20, "flags": 4},
			{"matrix": [1, 4], "x": 80, "y": 20, "flags": 4},
			{"matrix": [1, 5], "x": 100, "y": 20, "flags": 4},
			{"matrix": [1, 6], "x": 120, "y": 20, "flags": 4},
			{"matrix": [1, 7], "x": 140, "y": 20, "flags": 4},
			{"matrix": [1, 8], "x": 160, "y": 20, "flags": 4},
			{"matrix": [1, 9], "x": 180, "y": 20, "flags": 4},
			{"matrix": [1, 10], "x": 220, "y": 20, "flags": 4},

			{"matrix": [2, 0], "x":  0, "y": 40, "flags": 4},
			{"matrix": [2, 1], "x": 20, "y": 40, "flags": 4},
			{"matrix": [2, 2], "x": 40, "y": 40, "flags": 4},
			{"matrix": [2, 3], "x": 60, "y": 40, "flags": 4},
			{"matrix": [2, 4], "x": 80, "y": 40, "flags": 4},
			{"matrix": [2, 5], "x": 100, "y": 40, "flags": 4},
			{"matrix": [2, 6], "x": 120, "y": 40, "flags": 4},
			{"matrix": [2, 7], "x": 140, "y": 40, "flags": 4},
			{"matrix": [2, 8], "x": 160, "y": 40, "flags": 4},
			{"matrix": [2, 9], "x": 180, "y": 40, "flags": 4},
			{"matrix": [2, 10], "x": 220, "y": 40, "flags": 4}

		]
	},
  "matrix_pins": {
    "rows": [
      "B3",
      "B4",
      "B5"
    ],
    "cols": [
      "A0",
      "A1",
      "A2",
      "A3",
      "A4",
      "A5",
      "A6",
      "A7",
      "A8",
      "A9",
      "A10"
    ]
  },
  "url": "",
  "usb": {
    "device_version": "1.0.0",
    "pid": "0x1554",
    "vid": "0x7A79"
  },
  "layouts": {
    "LAYOUT": {
      "layout": [
        {
          "label": "Q",
          "matrix": [
            0,
            0
          ],
          "x": 1.25,
          "y": 0
        },
        {
          "label": "W",
          "matrix": [
            0,
            1
          ],
          "x": 2.25,
          "y": 0
        },
        {
          "label": "E",
          "matrix": [
            0,
            2
          ],
          "x": 3.25,
          "y": 0
        },
        {
          "label": "R",
          "matrix": [
            0,
            3
          ],
          "x": 4.25,
          "y": 0
        },
        {
          "label": "T",
          "matrix": [
            0,
            4
          ],
          "x": 5.25,
          "y": 0
        },
        {
          "label": "Y",
          "matrix": [
            0,
            5
          ],
          "x": 6.25,
          "y": 0
        },
        {
          "label": "U",
          "matrix": [
            0,
            6
          ],
          "x": 7.25,
          "y": 0
        },
        {
          "label": "I",
          "matrix": [
            0,
            7
          ],
          "x": 8.25,
          "y": 0
        },
        {
          "label": "O",
          "matrix": [
            0,
            8
          ],
          "x": 9.25,
          "y": 0
        },
        {
          "label": "P",
          "matrix": [
            0,
            9
          ],
          "x": 10.25,
          "y": 0
        },
        {
          "h": 2,
          "label": "Enter",
          "matrix": [
            0,
            10
          ],
          "w": 1.25,
          "x": 11.5,
          "y": 0
        },
        {
          "label": "A",
          "matrix": [
            1,
            1
          ],
          "x": 1.5,
          "y": 1
        },
        {
          "label": "S",
          "matrix": [
            1,
            2
          ],
          "x": 2.5,
          "y": 1
        },
        {
          "label": "D",
          "matrix": [
            1,
            3
          ],
          "x": 3.5,
          "y": 1
        },
        {
          "label": "F",
          "matrix": [
            1,
            4
          ],
          "x": 4.5,
          "y": 1
        },
        {
          "label": "G",
          "matrix": [
            1,
            5
          ],
          "x": 5.5,
          "y": 1
        },
        {
          "label": "H",
          "matrix": [
            1,
            6
          ],
          "x": 6.5,
          "y": 1
        },
        {
          "label": "J",
          "matrix": [
            1,
            7
          ],
          "x": 7.5,
          "y": 1
        },
        {
          "label": "K",
          "matrix": [
            1,
            8
          ],
          "x": 8.5,
          "y": 1
        },
        {
          "label": "L",
          "matrix": [
            1,
            9
          ],
          "x": 9.5,
          "y": 1
        },
        {
          "label": ";",
          "matrix": [
            1,
            10
          ],
          "x": 10.5,
          "y": 1
        },
        {
          "label": "MT(MOD_LSFT, KC_TAB)",
          "matrix": [
            2,
            0
          ],
          "w": 2,
          "x": 0,
          "y": 2
        },
        {
          "label": "Z",
          "matrix": [
            2,
            1
          ],
          "x": 2,
          "y": 2
        },
        {
          "label": "X",
          "matrix": [
            2,
            2
          ],
          "x": 3,
          "y": 2
        },
        {
          "label": "C",
          "matrix": [
            2,
            3
          ],
          "x": 4,
          "y": 2
        },
        {
          "label": "V",
          "matrix": [
            2,
            4
          ],
          "x": 5,
          "y": 2
        },
        {
          "label": "B",
          "matrix": [
            2,
            5
          ],
          "x": 6,
          "y": 2
        },
        {
          "label": "N",
          "matrix": [
            2,
            6
          ],
          "x": 7,
          "y": 2
        },
        {
          "label": "M",
          "matrix": [
            2,
            7
          ],
          "x": 8,
          "y": 2
        },
        {
          "label": ",",
          "matrix": [
            2,
            8
          ],
          "x": 9,
          "y": 2
        },
        {
          "label": ".",
          "matrix": [
            2,
            9
          ],
          "x": 10,
          "y": 2
        },
        {
          "label": "Right Shift",
          "matrix": [
            2,
            10
          ],
          "w": 1.75,
          "x": 11,
          "y": 2
        },
        {
          "h": 2,
          "label": "MT(MOD_LCTL,KC_ESC)",
          "matrix": [
            1,
            0
          ],
          "w": 1.25,
          "x": 0,
          "y": 5.95
        }
      ]
    }
  },
  "matrix_size": {
    "rows": 3,
    "cols": 11
  }
}