{
  "name": "GunNum V2",
  "vendorId": "0x7A79",
  "productId": "0x1570",
  "lighting": "vialrgb",
  "matrix": {
    "rows": 4,
    "cols": 7
  },
  "customKeycodes": [
    {
      "shortName": "Layer\nUP",
      "title": "Layer UP",
      "name": "U_Layer_UP"
    }
  ],
  "layouts": {
    "labels": [],
    "keymap": [
      [
        "0,0",
        "0,1",
        "0,2",
        "0,3",
        "0,4"
      ],
      [
        "1,0",
        "1,1",
        "1,2",
        "1,3",
        "1,4"
      ],
      [
        "2,0",
        "2,1",
        "2,2",
        "2,3",
        "2,4",
        "2,5",
        "2,6"
      ],
      [
        "3,0",
        "3,1",
        "3,2",
        "3,3",
        "3,4"
      ],
      [
        "0,0\n\n\n\n\n\n\n\n\ne",
        "0,1\n\n\n\n\n\n\n\n\ne"
      ]
    ]
  }
}
