{
  "name": "NumNum Bento MAX",
  "vid": "0x7A79",
  "pid": "0x1561",
  "lighting": "vialrgb",
  "matrix": {
    "rows": 7,
    "cols": 10
  },
  "customKeycodes": [
    {
      "shortName": "Layer\nUP",
      "title": "Layer UP",
      "name": "U_Layer_UP"
    },
    {
      "shortName": "Layer\nDOWN",
      "title": "Layer DOWN",
      "name": "U_Layer_DOWN"
    },
    {
      "shortName": "Mouse\nAccel 2",
      "title": "Mouse Accel 2",
      "name": "U_M_ACL_2x"
    },
    {
      "shortName": "Mouse\nAccel 4",
      "title": "Mouse Accel 4",
      "name": "U_M_ACL_4x"
    },
    {
      "shortName": "Mouse\nAccel 1/2",
      "title": "Mouse Accel 1/2",
      "name": "U_M_ACL_HALF"
    },
    {
      "shortName": "Mouse\nAccel 1/4",
      "title": "Mouse  1/4",
      "name": "U_M_ACL_QUARTER"
    },
    {
      "shortName": "Mouse\nAccel UP",
      "title": "Mouse Accel UP",
      "name": "U_M_ACL_UP"
    },
    {
      "shortName": "Mouse\nAccel DOWN",
      "title": "Mouse Accel DOWN",
      "name": "U_M_ACL_DOWN"
    },
    {
      "shortName": "Scroll\nAccell 2",
      "title": "Scroll Step2",
      "name": "U_S_ACL_2x"
    },
    {
      "shortName": "Scroll\nAccell 4",
      "title": "Scroll Step4",
      "name": "U_S_ACL_4x"
    },
    {
      "shortName": "Scroll\nAccell 8",
      "title": "Scroll Step8",
      "name": "U_S_ACL_8x"
    },
    {
      "shortName": "Scroll\nStep UP",
      "title": "Scroll Step UP",
      "name": "U_S_ACL_STEP"
    },
    {
      "shortName": "Drag\nDrop",
      "title": "Toggle Drag Mode",
      "name": "U_DRAGDROP"
    },
    {
      "shortName": "Pomodoro\nToggle",
      "title": "Pomodoro Toggle",
      "name": "U_POMODR_TGL"
    },
    {
      "shortName": "EEPROM\nClear",
      "title": "EEPROM Clear",
      "name": "U_EEP_CLR"
    },
    {
      "shortName": "Line Scroll",
      "title": "Line Scroll for High Res",
      "name": "U_LINE_SCROLL"
    }
  ],
  "layouts": {
    "labels": [[
      "Layout", 
      "Micropad", 
      "1-Finger Tap  : Left & Right", 
      "1-Finger Click: Left & Right", 
      "2-Finger Pinch: In & Out",
      "2-Finger Swipe: Left & Right", 
      "2-Finger Tap  : Click",

      "3-Finger Swipe: Up & Down",
      "3-Finger Swipe: Left & Right",
      "3-Finger Tap  : Tap & Click",

      "4-Finger Swipe: Up & Down",
      "4-Finger Swipe: Left & Right", 
      "4-Finger Tap  : Tap & Click"
      ]],  
    "keymap": [ 
      [
        "1,5\n\n\n0,0","1,6\n\n\n0,0","1,7\n\n\n0,0","1,8\n\n\n0,0","1,9\n\n\n0,0",{"x":0.5}, "0,5\n\n\n0,0",
      
        "3,1\n\n\n0,1","3,2\n\n\n0,1",
        "3,4\n\n\n0,2","3,5\n\n\n0,2",

        "4,1\n\n\n0,3","4,2\n\n\n0,3",
        "4,3\n\n\n0,4","4,4\n\n\n0,4",
        "4,5\n\n\n0,5",

        "5,0\n\n\n0,6","5,1\n\n\n0,6",
        "5,2\n\n\n0,7","5,3\n\n\n0,7",
        "5,4\n\n\n0,8","5,5\n\n\n0,8",

        "6,0\n\n\n0,9","6,1\n\n\n0,9",
        "6,2\n\n\n0,10","6,3\n\n\n0,10",
        "6,4\n\n\n0,11","6,5\n\n\n0,11"
      ],
      ["2,5\n\n\n0,0","2,6\n\n\n0,0","2,7\n\n\n0,0","2,8\n\n\n0,0","2,9\n\n\n0,0"],
      [{"x":2},"0,1\n\n\n0,0", {"x":2.5}, "0,7\n\n\n0,0"],
      ["0,2\n\n\n0,0","0,0\n\n\n0,0\n\n\n\n\n\ne","1,0\n\n\n0,0","0,1\n\n\n0,0\n\n\n\n\n\ne","0,0\n\n\n0,0",{"x":0.5},"0,8\n\n\n0,0"],
      [{"x":2},"0,3\n\n\n0,0"]
    ]
  }
}
