{
  "name": "NumNum Totsu",
  "vid": "0x7A79",
  "pid": "0x1538",
  "lighting": "vialrgb",
  "matrix": {
    "rows": 3,
    "cols": 10
  },
  "customKeycodes": [
    {
      "shortName": "Drag\nDrop\nToggle",
      "title": "Toggle Drag&Drop",
      "name": "U_DRG_TOGG"
    },
    {
      "shortName": "Drag\nDrop\nMode",
      "title": "Change Drag&Drop Mode",
      "name": "U_DRG_MODE"
    },
    {
      "shortName": "HP\nLayer\nToggle",
      "title": "Toggle HP Layer",
      "name": "U_HPL_TOGG"
    },
    {
      "shortName": "Tpad\nLayer\nToggle",
      "title": "Toggle TrackPad Layer",
      "name": "U_TPL_TOGG"
    },
    {
      "shortName": "Send\nString\nToggle",
      "title": "Toggle Send String",
      "name": "U_SEND_STR_TOGG"
    },
    {
      "shortName": "Send\nSetting",
      "title": "Send String User Setting",
      "name": "U_SEND_SETTING"
    },
    {
      "shortName": "Reset\nSetting",
      "title": "Reset Setting",
      "name": "U_RESET_SETTING"
    },
    {
      "shortName": "Scroll\nStep1",
      "title": "Scroll Step1",
      "name": "U_S_STP1"
    },
    {
      "shortName": "Scroll\nStep2",
      "title": "Scroll Step2",
      "name": "U_S_STP2"
    },
    {
      "shortName": "Scroll\nStep3",
      "title": "Scroll Step3",
      "name": "U_S_STP3"
    },
    {
      "shortName": "Mouse\nAccel0",
      "title": "Mouse Accel0",
      "name": "U_M_ACL0"
    },
    {
      "shortName": "Mouse\nAccel1",
      "title": "Mouse Accel1",
      "name": "U_M_ACL1"
    },
    {
      "shortName": "Mouse\nAccel2",
      "title": "Mouse Accel2",
      "name": "U_M_ACL2"
    },
    {
      "shortName": "UP\nLayer",
      "title": "UP Layer",
      "name": "U_Layer_UP"
    },
    {
      "shortName": "DOWN\nLayer",
      "title": "DOWN Layer",
      "name": "U_Layer_DOWN"
    }
  ],
  "layouts": {
    "labels": [],
    "keymap": [ 
    [{"x":3},"0,5","0,6","0,7","0,8","0,9"],
    [{"x":3},"1,5","1,6","1,7","1,8","1,9"],
    [{"x":3},"0,0"],
    [{"x":1},"0,1","0,0\n\n\n\n\n\n\n\n\ne","2,4","0,1\n\n\n\n\n\n\n\n\ne","0,3", {"x": 0.75, "w": 1.25},"2,8"],
    [{"x":3},"0,2"],
    [{"x":3, "w": 1.75},"2,5",{"w": 1.75},"2,6",{"x": 0.25, "w": 1.25},"2,7"],
    [{"y":0.25},"1,0","1,1", {"x":1.0},"1,2","1,3", {"x":1.0},"1,4","2,0",{"x":1.0},"2,1","2,2",{"x":1.0},"2,3"]
  ]
  }
}