{
  "keyboard_name": "Oyamada Alicia",
  "maintainer": "Daraku-Neko",
  "processor": "RP2040",
  "bootloader": "rp2040",
  "diode_direction": "COL2ROW",
  "features": {
    "audio": false,
    "backlight": false,
    "bootmagic": false,
    "command": false,
    "console": false,
    "encoder": false,
    "extrakey": true,
    "mousekey": true,
    "nkro": false,
    "oled": false,
    "rgb_matrix": true,
    "via": true,
    "wpm": false
},
  "matrix_pins": {
    "cols": ["GP5", "GP6", "GP7", "GP8", "GP9", "GP10", "GP11", "GP12", "GP13", "GP14", "GP15", "GP26", "GP27"],
    "rows": ["GP1", "GP2", "GP3", "GP4"]
  },
  "matrix_size": {
      "cols": 13,
      "rows": 4
  },
  "caps_word": {
    "enabled": true,
    "double_tap_shift_turns_on": true
  },
  "dynamic_keymap": {
    "layer_count": 5
  }, 
  "debounce": 5,
  "url": ""
}
