{
  "name": "GPK60-55O V2",
  "vendorId": "0x7A79",
  "productId": "0x1565",
  "lighting": "qmk_rgblight",
  "matrix": {
    "rows": 4,
    "cols": 14
  },
  "layouts": {
    "keymap": [
      [
        "0,0",
        "0,1",
        "0,2",
        "0,3",
        "0,4",
        "0,5",
        "0,6",
        "0,7",
        "0,8",
        "0,9",
        "0,10",
        "0,11",
        "0,12",
        {
          "x": 0.75
        },
        "0,13"
      ],
      [
        "1,0",
        "1,1",
        "1,2",
        "1,3",
        "1,4",
        "1,5",
        "1,6",
        "1,7",
        "1,8",
        "1,9",
        "1,10",
        "1,11",
        "1,12",
        {
          "x": 0.75
        },
        "1,13"
      ],
      [
        "2,0",
        "2,1",
        "2,2",
        "2,3",
        "2,4",
        "2,5",
        "2,6",
        "2,7",
        "2,8",
        "2,9",
        "2,10",
        "2,11",
        {
          "x": 1.75
        },
        "2,13"
      ],
      [
        {
          "y": -0.75,
          "x": 12.25
        },
        "2,12"
      ],
      [
        {
          "y": -0.25
        },
        "3,0",
        "3,1",
        "3,2",
        "3,3",
        "3,4",
        {
          "w": 1.5
        },
        "3,5",
        {
          "w": 1.5
        },
        "3,6",
        "3,7",
        "3,8",
        "3,9"
      ],
      [
        {
          "y": -0.75,
          "x": 11.25
        },
        "3,10",
        "3,11",
        "3,12"
      ]
    ]
  }
}