{
  "manufacturer": "Daraku-Neko",
  "keyboard_name": "Ieneko Box",
  "maintainer": "Daraku-Neko",
	"bootloader": "rp2040",
	"diode_direction": "COL2ROW",
	"processor": "RP2040",
  "features": {
		"console": true,
		"extrakey": true,
		"mousekey": true,
		"rgb_matrix": true,
		"haptic": true
	},
	"tapping": {
    	"term": 150
  },
  "haptic": {
    "driver": "solenoid"
  },
  "ws2812": {
		"driver": "vendor",
		"pin": "GP0"
	},
	"rgb_matrix": {
		"driver": "ws2812",
		"sleep": true,
		"timeout": 120000,
		"max_brightness": 160,
		"default": {
			"animation": "solid_color"
		},
		"animations": {
      "solid_color": true,
      "alphas_mods": true,
			"gradient_up_down": true,
			"gradient_left_right": true,
			"breathing": true,
			"band_sat": true,
			"band_val": true,
			"band_pinwheel_sat": true,
			"band_pinwheel_val": true,
			"band_spiral_sat": true,
			"band_spiral_val": true,
			"cycle_all": true,
			"cycle_left_right": true,
			"cycle_up_down": true,
			"cycle_out_in": true,
			"cycle_out_in_dual": true,
			"rainbow_moving_chevron": true,
			"cycle_pinwheel": true,
			"cycle_spiral": true,
			"dual_beacon": true,
			"rainbow_beacon": true,
			"rainbow_pinwheels": true,
			"raindrops": true,
			"jellybean_raindrops": true,
			"hue_breathing": true,
			"hue_pendulum": true,
			"hue_wave": true,
			"pixel_fractal": true,
			"pixel_flow": true,
			"pixel_rain": true,
			"typing_heatmap": true,
			"digital_rain": true,
			"solid_reactive_simple": true,
			"solid_reactive": true,
			"solid_reactive_wide": true,
			"solid_reactive_multiwide": true,
			"solid_reactive_cross": true,
			"solid_reactive_multicross": true,
			"solid_reactive_nexus": true,
			"solid_reactive_multinexus": true,
			"splash": true,
			"multisplash": true,
			"solid_splash": true,
			"solid_multisplash": true,
      "starlight": true,
      "starlight_dual_sat": true,
      "starlight_dual_hue": true,
      "riverflow": true
		},
		"layout": [
			{"matrix": [0, 0], "x": 0, "y": 10, "flags": 4},
			{"matrix": [0, 1], "x": 20, "y": 10, "flags": 4},
			{"matrix": [0, 2], "x": 40, "y": 10, "flags": 4},
			{"matrix": [0, 3], "x": 61, "y": 10, "flags": 4},
			{"matrix": [0, 4], "x": 81, "y": 10, "flags": 4},
			{"matrix": [0, 5], "x": 101, "y": 10, "flags": 4},
			{"matrix": [0, 6], "x": 122, "y": 10, "flags": 4},
			{"matrix": [0, 7], "x": 142, "y": 10, "flags": 4},
			{"matrix": [0, 8], "x": 162, "y": 10, "flags": 4},
			{"matrix": [0, 9], "x": 183, "y": 10, "flags": 4},
			{"matrix": [0, 10], "x": 183, "y": 10, "flags": 4},
			{"matrix": [0, 11], "x": 224, "y": 10, "flags": 4},

			{"matrix": [1, 0], "x": 5, "y": 20, "flags": 4},
			{"matrix": [1, 1], "x": 25, "y": 20, "flags": 4},
			{"matrix": [1, 2], "x": 45, "y": 20, "flags": 4},
			{"matrix": [1, 3], "x": 66, "y": 20, "flags": 4},
			{"matrix": [1, 4], "x": 86, "y": 20, "flags": 4},
			{"matrix": [1, 5], "x": 106, "y": 20, "flags": 4},
			{"matrix": [1, 6], "x": 127, "y": 20, "flags": 4},
			{"matrix": [1, 7], "x": 147, "y": 20, "flags": 4},
			{"matrix": [1, 8], "x": 168, "y": 20, "flags": 4},
			{"matrix": [1, 9], "x": 188, "y": 20, "flags": 4},
			{"matrix": [1, 10], "x": 224, "y": 20, "flags": 4},

			{"matrix": [2, 0], "x": 15, "y": 30, "flags": 4},
			{"matrix": [2, 1], "x": 35, "y": 30, "flags": 4},
			{"matrix": [2, 2], "x": 56, "y": 30, "flags": 4},
			{"matrix": [2, 3], "x": 76, "y": 30, "flags": 4},
			{"matrix": [2, 4], "x": 96, "y": 30, "flags": 4},
			{"matrix": [2, 5], "x": 117, "y": 30, "flags": 4},
			{"matrix": [2, 6], "x": 137, "y": 30, "flags": 4},
			{"matrix": [2, 7], "x": 157, "y": 30, "flags": 4},
			{"matrix": [2, 8], "x": 178, "y": 30, "flags": 4},
			{"matrix": [2, 9], "x": 198, "y": 30, "flags": 4},
			{"matrix": [2, 10], "x": 224, "y": 30, "flags": 4},

			{"matrix": [3, 0], "x": 0, "y": 40, "flags": 4},
			{"matrix": [3, 1], "x": 25, "y": 40, "flags": 4},
			{"matrix": [3, 2], "x": 45, "y": 40, "flags": 4},
			{"matrix": [3, 3], "x": 101, "y": 40, "flags": 4},
			{"matrix": [3, 6], "x": 147, "y": 40, "flags": 4},
			{"matrix": [3, 8], "x": 168, "y": 40, "flags": 4},
			{"matrix": [3, 9], "x": 193, "y": 40, "flags": 4},
		  {"matrix": [3, 10], "x": 224, "y": 40, "flags": 4},

			{"matrix": [4, 0], "x": 40, "y": 0, "flags": 4},
			{"matrix": [4, 1], "x": 75, "y": 0, "flags": 4},
			{"matrix": [4, 2], "x": 100, "y": 0, "flags": 4},
			{"matrix": [4, 3], "x": 130, "y": 0, "flags": 4},
			{"matrix": [4, 4], "x": 160, "y": 0, "flags": 4},
			{"matrix": [4, 5], "x": 190, "y": 0, "flags": 4},
			{"matrix": [4, 6], "x": 220, "y": 0, "flags": 4},

      {"matrix": [5, 0], "x": 0, "y": 0, "flags": 2},
			{"matrix": [5, 1], "x": 19, "y": 0, "flags": 2},
			{"matrix": [5, 2], "x": 37, "y": 0, "flags": 2},
			{"matrix": [5, 3], "x": 56, "y": 0, "flags": 2},
			{"matrix": [5, 4], "x": 75, "y": 0, "flags": 2},
			{"matrix": [5, 5], "x": 93, "y": 0, "flags": 2},
			{"matrix": [5, 6], "x": 112, "y": 0, "flags": 2},
			{"matrix": [5, 7], "x": 131, "y": 0, "flags": 2},
			{"matrix": [5, 8], "x": 149, "y": 0, "flags": 2},
			{"matrix": [5, 9], "x": 168, "y": 0, "flags": 2},
			{"matrix": [5, 10], "x": 187, "y": 0, "flags": 2},
			{"matrix": [5, 11], "x": 205, "y": 0, "flags": 2},
			{"matrix": [5, 12], "x": 224, "y": 0, "flags": 2},
			{"matrix": [5, 13], "x": 224, "y": 0, "flags": 2}
    ]
	},
	"dynamic_keymap": {
		"layer_count": 8
	},
  "dip_switch": {
    "pins": ["GP28"]
  },
  "matrix_pins": {
    "rows": [
			"GP4",
			"GP5",
			"GP6",
			"GP7",
			"GP8",
			"GP24",
			"GP25"
    ],
    "cols": [
			"GP9",
			"GP12",
			"GP13",
			"GP14",
			"GP15",
			"GP16",
			"GP21",
			"GP23",
			"GP20",
			"GP22",
			"GP26",
			"GP27",
			"GP18",
			"GP19"
    ]
  },
  "url": "",
  "usb": {
    "device_version": "1.0.0",
    "pid": "0x1569",
    "vid": "0x7A79"
  },
  "layouts": {
    "LAYOUT": {
      "layout": [
        {
          "label": "Esc",
          "matrix": [
            0,
            0
          ],
          "x": 0,
          "y": 0
        },
        {
          "label": "Q",
          "matrix": [
            0,
            1
          ],
          "x": 1,
          "y": 0
        },
        {
          "label": "W",
          "matrix": [
            0,
            2
          ],
          "x": 2,
          "y": 0
        },
        {
          "label": "E",
          "matrix": [
            0,
            3
          ],
          "x": 3,
          "y": 0
        },
        {
          "label": "R",
          "matrix": [
            0,
            4
          ],
          "x": 4,
          "y": 0
        },
        {
          "label": "T",
          "matrix": [
            0,
            5
          ],
          "x": 5,
          "y": 0
        },
        {
          "label": "Y",
          "matrix": [
            0,
            6
          ],
          "x": 6,
          "y": 0
        },
        {
          "label": "U",
          "matrix": [
            0,
            7
          ],
          "x": 7,
          "y": 0
        },
        {
          "label": "I",
          "matrix": [
            0,
            8
          ],
          "x": 8,
          "y": 0
        },
        {
          "label": "O",
          "matrix": [
            0,
            9
          ],
          "x": 9,
          "y": 0
        },
        {
          "label": "P",
          "matrix": [
            0,
            10
          ],
          "x": 10,
          "y": 0
        },
        {
          "label": "Backspace",
          "matrix": [
            0,
            11
          ],
          "x": 11,
          "y": 0
        },
        {
          "label": "MT(MOD_LCTL,KC_TAB)",
          "matrix": [
            1,
            0
          ],
          "w": 1.25,
          "x": 0,
          "y": 1
        },
        {
          "label": "A",
          "matrix": [
            1,
            1
          ],
          "x": 1.25,
          "y": 1
        },
        {
          "label": "S",
          "matrix": [
            1,
            2
          ],
          "x": 2.25,
          "y": 1
        },
        {
          "label": "D",
          "matrix": [
            1,
            3
          ],
          "x": 3.25,
          "y": 1
        },
        {
          "label": "F",
          "matrix": [
            1,
            4
          ],
          "x": 4.25,
          "y": 1
        },
        {
          "label": "G",
          "matrix": [
            1,
            5
          ],
          "x": 5.25,
          "y": 1
        },
        {
          "label": "H",
          "matrix": [
            1,
            6
          ],
          "x": 6.25,
          "y": 1
        },
        {
          "label": "J",
          "matrix": [
            1,
            7
          ],
          "x": 7.25,
          "y": 1
        },
        {
          "label": "K",
          "matrix": [
            1,
            8
          ],
          "x": 8.25,
          "y": 1
        },
        {
          "label": "L",
          "matrix": [
            1,
            9
          ],
          "x": 9.25,
          "y": 1
        },
        {
          "label": "Enter",
          "matrix": [
            1,
            10
          ],
          "w": 1.75,
          "x": 10.25,
          "y": 1
        },
        {
          "label": "Left Shift",
          "matrix": [
            2,
            0
          ],
          "w": 1.75,
          "x": 0,
          "y": 2
        },
        {
          "label": "Z",
          "matrix": [
            2,
            1
          ],
          "x": 1.75,
          "y": 2
        },
        {
          "label": "X",
          "matrix": [
            2,
            2
          ],
          "x": 2.75,
          "y": 2
        },
        {
          "label": "C",
          "matrix": [
            2,
            3
          ],
          "x": 3.75,
          "y": 2
        },
        {
          "label": "V",
          "matrix": [
            2,
            4
          ],
          "x": 4.75,
          "y": 2
        },
        {
          "label": "B",
          "matrix": [
            2,
            5
          ],
          "x": 5.75,
          "y": 2
        },
        {
          "label": "N",
          "matrix": [
            2,
            6
          ],
          "x": 6.75,
          "y": 2
        },
        {
          "label": "M",
          "matrix": [
            2,
            7
          ],
          "x": 7.75,
          "y": 2
        },
        {
          "label": ",",
          "matrix": [
            2,
            8
          ],
          "x": 8.75,
          "y": 2
        },
        {
          "label": ".",
          "matrix": [
            2,
            9
          ],
          "x": 9.75,
          "y": 2
        },
        {
          "label": "Right Shift",
          "matrix": [
            2,
            10
          ],
          "w": 1.25,
          "x": 10.75,
          "y": 2
        },
        {
          "label": "MO(3)",
          "matrix": [
            3,
            0
          ],
          "x": 0,
          "y": 3
        },
        {
          "label": "MO(2)",
          "matrix": [
            3,
            1
          ],
          "w": 1.25,
          "x": 1.25,
          "y": 3
        },
        {
          "label": "Left Alt",
          "matrix": [
            3,
            2
          ],
          "w": 1.25,
          "x": 2.25,
          "y": 3
        },
        {
          "label": "LT(1, KC_SPC)",
          "matrix": [
            3,
            3
          ],
          "w": 2.75,
          "x": 3.5,
          "y": 3
        },
        {
          "label": "LT(1, KC_BSPC)",
          "matrix": [
            3,
            6
          ],
          "w": 2.25,
          "x": 6.25,
          "y": 3
        },
        {
          "label": "Right Alt",
          "matrix": [
            3,
            8
          ],
          "w": 1.25,
          "x": 8.5,
          "y": 3
        },
        {
          "label": "MO(2)",
          "matrix": [
            3,
            9
          ],
          "w": 1.25,
          "x": 9.5,
          "y": 3
        },
        {
          "label": "MO(3)",
          "matrix": [
            3,
            10
          ],
          "x": 10.75,
          "y": 3
        },
        {
          "label": "F1",
          "matrix": [
            4,
            0
          ],
          "x": 0,
          "y": 4
        },
        {
          "label": "F2",
          "matrix": [
            4,
            1
          ],
          "x": 1,
          "y": 4
        },
        {
          "label": "F3",
          "matrix": [
            4,
            2
          ],
          "x": 2,
          "y": 4
        },
        {
          "label": "F4",
          "matrix": [
            4,
            3
          ],
          "x": 3,
          "y": 4
        },
        {
          "label": "F5",
          "matrix": [
            4,
            4
          ],
          "x": 4,
          "y": 4
        },
        {
          "label": "F6",
          "matrix": [
            4,
            5
          ],
          "x": 5,
          "y": 4
        },
        {
          "label": "F7",
          "matrix": [
            4,
            6
          ],
          "x": 6,
          "y": 4
        },
        {
          "label": "KC_1",
          "matrix": [
            5,
            0
          ],
          "x": 0,
          "y": 5
        },
        {
          "label": "KC_2",
          "matrix": [
            5,
            1
          ],
          "x": 1,
          "y": 5
        },
        {
          "label": "KC_3",
          "matrix": [
            5,
            2
          ],
          "x": 2,
          "y": 5
        },
        {
          "label": "KC_4",
          "matrix": [
            5,
            3
          ],
          "x": 3,
          "y": 5
        },
        {
          "label": "KC_5",
          "matrix": [
            5,
            4
          ],
          "x": 4,
          "y": 5
        },
        {
          "label": "KC_6",
          "matrix": [
            5,
            5
          ],
          "x": 5,
          "y": 5
        },
        {
          "label": "KC_7",
          "matrix": [
            5,
            6
          ],
          "x": 6,
          "y": 5
        },
        {
          "label": "KC_1",
          "matrix": [
            6,
            0
          ],
          "x": 0,
          "y": 6
        },
        {
          "label": "KC_2",
          "matrix": [
            6,
            1
          ],
          "x": 1,
          "y": 6
        },
        {
          "label": "KC_3",
          "matrix": [
            6,
            2
          ],
          "x": 2,
          "y": 6
        },
        {
          "label": "KC_4",
          "matrix": [
            6,
            3
          ],
          "x": 3,
          "y": 6
        },
        {
          "label": "KC_5",
          "matrix": [
            6,
            4
          ],
          "x": 4,
          "y": 6
        }
      ]
    }
  },
  "matrix_size": {
    "rows": 7,
    "cols": 14
  }
}