{
  "manufacturer": "Daraku-Neko",
  "keyboard_name": "Kawasaki36",
  "maintainer": "Daraku-Neko",
  "bootloader": "stm32-dfu",
  "diode_direction": "COL2ROW",
  "processor": "STM32F072",
  "features": {
    "console": false,
    "extrakey": true,
    "mousekey": true,
    "nkro": true
  },
  "matrix_pins": {
    "rows": [
      "B1",
      "B2",
      "B3",
      "B4"
    ],
    "cols": [
      "A0",
      "A1",
      "A2",
      "A3",
      "A4",
      "A5",
      "A6",
      "A7",
      "A8",
      "A9"
    ]
  },
  "url": "",
  "usb": {
    "device_version": "1.0.0",
    "pid": "0x1553",
    "vid": "0x7A79"
  },
  "layouts": {
    "LAYOUT": {
      "layout": [
        {
          "matrix": [
            0,
            0
          ],
          "x": 0,
          "y": 0
        },
        {
          "matrix": [
            0,
            1
          ],
          "x": 1,
          "y": 0
        },
        {
          "matrix": [
            0,
            2
          ],
          "x": 2,
          "y": 0
        },
        {
          "matrix": [
            0,
            3
          ],
          "x": 3,
          "y": 0
        },
        {
          "matrix": [
            0,
            4
          ],
          "x": 4,
          "y": 0
        },
        {
          "matrix": [
            0,
            5
          ],
          "x": 5,
          "y": 0
        },
        {
          "matrix": [
            0,
            6
          ],
          "x": 6,
          "y": 0
        },
        {
          "matrix": [
            0,
            7
          ],
          "x": 7,
          "y": 0
        },
        {
          "matrix": [
            0,
            8
          ],
          "x": 8,
          "y": 0
        },
        {
          "matrix": [
            0,
            9
          ],
          "x": 9,
          "y": 0
        },
        {
          "matrix": [
            1,
            0
          ],
          "w": 1.25,
          "x": 0,
          "y": 1
        },
        {
          "matrix": [
            1,
            1
          ],
          "x": 1.25,
          "y": 1
        },
        {
          "matrix": [
            1,
            2
          ],
          "x": 2.25,
          "y": 1
        },
        {
          "matrix": [
            1,
            3
          ],
          "x": 3.25,
          "y": 1
        },
        {
          "matrix": [
            1,
            4
          ],
          "x": 4.25,
          "y": 1
        },
        {
          "matrix": [
            1,
            5
          ],
          "x": 5.25,
          "y": 1
        },
        {
          "matrix": [
            1,
            6
          ],
          "x": 6.25,
          "y": 1
        },
        {
          "matrix": [
            1,
            7
          ],
          "x": 7.25,
          "y": 1
        },
        {
          "matrix": [
            1,
            8
          ],
          "w": 1.75,
          "x": 8.25,
          "y": 1
        },
        {
          "matrix": [
            2,
            0
          ],
          "w": 1.75,
          "x": 0,
          "y": 2
        },
        {
          "matrix": [
            2,
            1
          ],
          "x": 1.75,
          "y": 2
        },
        {
          "matrix": [
            2,
            2
          ],
          "x": 2.75,
          "y": 2
        },
        {
          "matrix": [
            2,
            3
          ],
          "x": 3.75,
          "y": 2
        },
        {
          "matrix": [
            2,
            4
          ],
          "x": 4.75,
          "y": 2
        },
        {
          "matrix": [
            2,
            5
          ],
          "x": 5.75,
          "y": 2
        },
        {
          "matrix": [
            2,
            6
          ],
          "x": 6.75,
          "y": 2
        },
        {
          "matrix": [
            2,
            7
          ],
          "x": 7.75,
          "y": 2
        },
        {
          "matrix": [
            2,
            8
          ],
          "w": 1.25,
          "x": 8.75,
          "y": 2
        },
        {
          "matrix": [
            3,
            0
          ],
          "x": 0,
          "y": 3
        },
        {
          "matrix": [
            3,
            1
          ],
          "x": 1,
          "y": 3
        },
        {
          "matrix": [
            3,
            2
          ],
          "w": 1.25,
          "x": 2,
          "y": 3
        },
        {
          "matrix": [
            3,
            3
          ],
          "w": 2,
          "x": 3.25,
          "y": 3
        },
        {
          "matrix": [
            3,
            4
          ],
          "w": 2.25,
          "x": 5.25,
          "y": 3
        },
        {
          "matrix": [
            3,
            6
          ],
          "w": 1.25,
          "x": 7.5,
          "y": 3
        },
        {
          "matrix": [
            3,
            7
          ],
          "w": 1.25,
          "x": 8.75,
          "y": 3
        },
        {
          "matrix": [
            3,
            8
          ],
          "w": 1.25,
          "x": 8.75,
          "y": 3
        }
      ]
    }
  },
  "matrix_size": {
    "rows": 4,
    "cols": 10
  }
}