{
  "vendorId": "0xBEAF",
  "productId": "0x004",
  "lighting": "none",
  "matrix": {
    "rows": 4,
    "cols": 4
  },
  "layouts": {
    "keymap": [
      [
        "0,0",
        "0,1",
        "0,2",
        "0,3",
        {
          "x": 0.25
        },
        "0,0\n\n\n\n\n\n\n\n\ne",
        "0,1\n\n\n\n\n\n\n\n\ne"
      ],
      [
        "1,0",
        "1,1",
        "1,2",
        "1,3"
      ],
      [
        "2,0",
        "2,1",
        "2,2",
        "2,3"
      ],
      [
        "3,0",
        "3,1",
        "3,2",
        "3,3"
      ]
    ]
  },
  "name": "minipeg48"
}