{
  "manufacturer": "Daraku-Neko",
  "keyboard_name": "Yamada53 AN",
  "maintainer": "Daraku-Neko",
  "bootloader": "rp2040",
  "diode_direction": "COL2ROW",
  "features": {
    "audio": false,
    "backlight": false,
    "bootmagic": false,
    "command": false,
    "console": false,
    "encoder": false,
    "extrakey": true,
    "mousekey": true,
    "nkro": false,
    "oled": false,
    "rgb_matrix": true,
    "via": false,
    "wpm": false
  },
  "caps_word": {
    "enabled": true,
    "double_tap_shift_turns_on": true
  },
  "matrix_pins": {
    "rows": [
      "GP1",
      "GP2",
      "GP3",
      "GP4"
    ],
    "cols": [
      "GP5",
      "GP6",
      "GP7",
      "GP8",
      "GP9",
      "GP10",
      "GP11",
      "GP12",
      "GP13",
      "GP14",
      "GP15",
      "GP16",
      "GP17",
      "GP18",
      "GP19"
    ]
  },
  "processor": "RP2040",
  "url": "",
  "usb": {
    "device_version": "1.0.0",
    "pid": "0x1533",
    "vid": "0xFEED"
  },
  "layouts": {
    "LAYOUT": {
      "layout": [
        {
          "label": "Esc",
          "matrix": [
            0,
            0
          ],
          "w": 1.5,
          "x": 0,
          "y": 0
        },
        {
          "label": "q",
          "matrix": [
            0,
            1
          ],
          "x": 1.5,
          "y": 0
        },
        {
          "label": "w",
          "matrix": [
            0,
            2
          ],
          "x": 2.5,
          "y": 0
        },
        {
          "label": "e",
          "matrix": [
            0,
            3
          ],
          "x": 3.5,
          "y": 0
        },
        {
          "label": "r",
          "matrix": [
            0,
            4
          ],
          "x": 4.5,
          "y": 0
        },
        {
          "label": "t",
          "matrix": [
            0,
            5
          ],
          "x": 5.5,
          "y": 0
        },
        {
          "label": "y",
          "matrix": [
            0,
            6
          ],
          "x": 6.5,
          "y": 0
        },
        {
          "label": "u",
          "matrix": [
            0,
            7
          ],
          "x": 7.5,
          "y": 0
        },
        {
          "label": "i",
          "matrix": [
            0,
            8
          ],
          "x": 8.5,
          "y": 0
        },
        {
          "label": "o",
          "matrix": [
            0,
            9
          ],
          "x": 9.5,
          "y": 0
        },
        {
          "label": "p",
          "matrix": [
            0,
            10
          ],
          "x": 10.5,
          "y": 0
        },
        {
          "label": "[",
          "matrix": [
            0,
            11
          ],
          "x": 11.5,
          "y": 0
        },
        {
          "label": "]",
          "matrix": [
            0,
            12
          ],
          "x": 12.5,
          "y": 0
        },
        {
          "label": "\\",
          "matrix": [
            0,
            13
          ],
          "w": 1.5,
          "x": 13.5,
          "y": 0
        },
        {
          "label": "CTL_T(KC_Y)",
          "matrix": [
            0,
            14
          ],
          "x": 15.5,
          "y": 0
        },
        {
          "label": "MT(MOD_LCTL,KC_TAB)",
          "matrix": [
            1,
            0
          ],
          "w": 1.75,
          "x": 0,
          "y": 1
        },
        {
          "label": "a",
          "matrix": [
            1,
            1
          ],
          "x": 1.75,
          "y": 1
        },
        {
          "label": "s",
          "matrix": [
            1,
            2
          ],
          "x": 2.75,
          "y": 1
        },
        {
          "label": "d",
          "matrix": [
            1,
            3
          ],
          "x": 3.75,
          "y": 1
        },
        {
          "label": "f",
          "matrix": [
            1,
            4
          ],
          "x": 4.75,
          "y": 1
        },
        {
          "label": "g",
          "matrix": [
            1,
            5
          ],
          "x": 5.75,
          "y": 1
        },
        {
          "label": "h",
          "matrix": [
            1,
            6
          ],
          "x": 6.75,
          "y": 1
        },
        {
          "label": "j",
          "matrix": [
            1,
            7
          ],
          "x": 7.75,
          "y": 1
        },
        {
          "label": "k",
          "matrix": [
            1,
            8
          ],
          "x": 8.75,
          "y": 1
        },
        {
          "label": "l",
          "matrix": [
            1,
            9
          ],
          "x": 9.75,
          "y": 1
        },
        {
          "label": ";",
          "matrix": [
            1,
            10
          ],
          "x": 10.75,
          "y": 1
        },
        {
          "label": "'",
          "matrix": [
            1,
            11
          ],
          "x": 11.75,
          "y": 1
        },
        {
          "label": "Enter",
          "matrix": [
            1,
            12
          ],
          "w": 2.25,
          "x": 12.75,
          "y": 1
        },
        {
          "label": "CTL_T(KC_Z)",
          "matrix": [
            1,
            14
          ],
          "x": 15.5,
          "y": 1
        },
        {
          "label": "Left",
          "matrix": [
            2,
            0
          ],
          "w": 2.25,
          "x": 0,
          "y": 2
        },
        {
          "label": "z",
          "matrix": [
            2,
            1
          ],
          "x": 2.25,
          "y": 2
        },
        {
          "label": "x",
          "matrix": [
            2,
            2
          ],
          "x": 3.25,
          "y": 2
        },
        {
          "label": "c",
          "matrix": [
            2,
            3
          ],
          "x": 4.25,
          "y": 2
        },
        {
          "label": "v",
          "matrix": [
            2,
            4
          ],
          "x": 5.25,
          "y": 2
        },
        {
          "label": "b",
          "matrix": [
            2,
            5
          ],
          "x": 6.25,
          "y": 2
        },
        {
          "label": "n",
          "matrix": [
            2,
            6
          ],
          "x": 7.25,
          "y": 2
        },
        {
          "label": "m",
          "matrix": [
            2,
            7
          ],
          "x": 8.25,
          "y": 2
        },
        {
          "label": ",",
          "matrix": [
            2,
            8
          ],
          "x": 9.25,
          "y": 2
        },
        {
          "label": ".",
          "matrix": [
            2,
            9
          ],
          "x": 10.25,
          "y": 2
        },
        {
          "label": "/",
          "matrix": [
            2,
            10
          ],
          "x": 11.25,
          "y": 2
        },
        {
          "label": "Right Shift",
          "matrix": [
            2,
            12
          ],
          "w": 1.75,
          "x": 12.25,
          "y": 2
        },
        {
          "label": "Up",
          "matrix": [
            2,
            13
          ],
          "x": 14.5,
          "y": 2.25
        },
        {
          "label": "Left GUI",
          "matrix": [
            3,
            0
          ],
          "w": 1.25,
          "x": 0,
          "y": 3
        },
        {
          "label": "Left Alt",
          "matrix": [
            3,
            1
          ],
          "w": 1.25,
          "x": 1.25,
          "y": 3
        },
        {
          "label": "MO(2)",
          "matrix": [
            3,
            2
          ],
          "w": 1.5,
          "x": 2.5,
          "y": 3
        },
        {
          "label": "LT(1, KC_SPC)",
          "matrix": [
            3,
            5
          ],
          "w": 2.75,
          "x": 4,
          "y": 3
        },
        {
          "label": "LT(1, KC_BSPC)",
          "matrix": [
            3,
            7
          ],
          "w": 2.25,
          "x": 6.75,
          "y": 3
        },
        {
          "label": "MO(2)",
          "matrix": [
            3,
            8
          ],
          "w": 1.5,
          "x": 9,
          "y": 3
        },
        {
          "label": "Right Alt",
          "matrix": [
            3,
            9
          ],
          "w": 1.25,
          "x": 10.5,
          "y": 3
        },
        {
          "label": "Right GUI",
          "matrix": [
            3,
            10
          ],
          "w": 1.25,
          "x": 11.75,
          "y": 3
        },
        {
          "label": "Left",
          "matrix": [
            3,
            12
          ],
          "x": 13.5,
          "y": 3.25
        },
        {
          "label": "Down",
          "matrix": [
            3,
            13
          ],
          "x": 14.5,
          "y": 3.25
        },
        {
          "label": "Right",
          "matrix": [
            3,
            14
          ],
          "x": 15.5,
          "y": 3.25
        }
      ]
    }
  },
  "matrix_size": {
    "rows": 4,
    "cols": 15
  }
}