{
	"manufacturer": "Daraku-Neko",
	"keyboard_name": "Ieneko42c ",
	"maintainer": "Daraku-Neko",
	"bootloader": "rp2040",
	"diode_direction": "COL2ROW",
	"features": {
		"audio": false,
		"backlight": false,
		"bootmagic": false,
		"command": false,
		"console": false,
		"encoder": false,
		"extrakey": true,
		"mousekey": true,
		"nkro": true,
		"oled": false,
		"rgb_matrix": true,
		"via": false,
		"wpm": false
	},
	"dynamic_keymap": {
		"layer_count": 5
	},
	"caps_word": {
		"enabled": true,
		"double_tap_shift_turns_on": true
	},
	"matrix_pins": {
		"rows": [
			"GP4",
			"GP5",
			"GP6",
			"GP7",
			"GP25"
		],
		"cols": [
			"GP10",
			"GP11",
			"GP12",
			"GP13",
			"GP14",
			"GP15",
			"GP16",
			"GP17",
			"GP18",
			"GP19",
			"GP20",
			"GP21"
		]
	},
	"processor": "RP2040",
	"url": "",
	"usb": {
		"device_version": "1.0.0",
		"pid": "0x1535",
		"vid": "0x7A79"
	},
	"layouts": {
		"LAYOUT": {
			"layout": [
				{ "matrix": [0,0], "x": 0, "y": 0 },
				{ "matrix": [0,1], "x": 1, "y": 0 },
				{ "matrix": [0,2], "x": 2, "y": 0 },
				{ "matrix": [0,3], "x": 3, "y": 0 },
				{ "matrix": [0,4], "x": 4, "y": 0 },
				{ "matrix": [0,5], "x": 5, "y": 0 },
				{ "matrix": [0,6], "x": 6.75, "y": 0 },
				{ "matrix": [0,7], "x": 7.75, "y": 0 },
				{ "matrix": [0,8], "x": 8.75, "y": 0 },
				{ "matrix": [0,9], "x": 9.75, "y": 0 },
				{ "matrix": [0,10], "x": 10.75, "y": 0 },
				{ "matrix": [0,11], "x": 11.75, "y": 0 },
				{ "matrix": [1,0], "x": 0, "y": 1 },
				{ "matrix": [1,1], "x": 1, "y": 1 },
				{ "matrix": [1,2], "x": 2, "y": 1 },
				{ "matrix": [1,3], "x": 3, "y": 1 },
				{ "matrix": [1,4], "x": 4, "y": 1 },
				{ "matrix": [1,5], "x": 5, "y": 1 },
				{ "matrix": [1,6], "x": 6.75, "y": 1 },
				{ "matrix": [1,7], "x": 7.75, "y": 1 },
				{ "matrix": [1,8], "x": 8.75, "y": 1 },
				{ "matrix": [1,9], "x": 9.75, "y": 1 },
				{ "matrix": [1,10], "x": 10.75, "y": 1 },
				{ "matrix": [1,11], "x": 11.75, "y": 1 },
				{ "matrix": [2,0], "x": 0, "y": 2 },
				{ "matrix": [2,1], "x": 1, "y": 2 },
				{ "matrix": [2,2], "x": 2, "y": 2 },
				{ "matrix": [2,3], "x": 3, "y": 2 },
				{ "matrix": [2,4], "x": 4, "y": 2 },
				{ "matrix": [2,5], "x": 5, "y": 2 },
				{ "matrix": [2,6], "x": 6.75, "y": 2 },
				{ "matrix": [2,7], "x": 7.75, "y": 2 },
				{ "matrix": [2,8], "x": 8.75, "y": 2 },
				{ "matrix": [2,9], "x": 9.75, "y": 2 },
				{ "matrix": [2,10], "x": 10.75, "y": 2 },
				{ "matrix": [2,11], "x": 11.75, "y": 2 },
				{ "matrix": [3,3], "x": 3, "y": 3 },
				{ "matrix": [3,4], "x": 4, "y": 3 },
				{ "matrix": [3,5], "x": 5, "y": 3 },
				{ "matrix": [3,6], "x": 6.75, "y": 3 },
				{ "matrix": [3,7], "x": 7.75, "y": 3 },
				{ "matrix": [3,8], "x": 8.75, "y": 3 },
				{ "matrix": [4,0], "x": 1, "y": 4.5 },
				{ "matrix": [4,1], "x": 2, "y": 4.5 },
				{ "matrix": [4,2], "x": 3.5, "y": 4.5 },
				{ "matrix": [4,3], "x": 4.5, "y": 4.5 },
				{ "matrix": [4,4], "x": 6, "y": 4.5 },
				{ "matrix": [4,5], "x": 7, "y": 4.5 },
				{ "matrix": [4,6], "x": 8.5, "y": 4.5 },
				{ "matrix": [4,7], "x": 9.5, "y": 4.5 },
				{ "matrix": [4,8], "x": 11, "y": 4.5}
			]
		}
	},
	"matrix_size": {
		"rows": 5,
		"cols": 12
	}
}