{
  "manufacturer": "Daraku-Neko",
  "keyboard_name": "Ieneko42c ",
  "maintainer": "Daraku-Neko",
  "bootloader": "rp2040",
  "diode_direction": "COL2ROW",
  "features": {
    "audio": false,
    "backlight": false,
    "bootmagic": false,
    "command": false,
    "console": false,
    "encoder": false,
    "extrakey": true,
    "mousekey": true,
    "nkro": false,
    "oled": false,
    "rgb_matrix": true,
    "via": false,
    "wpm": false
  },
  "caps_word": {
    "enabled": true,
    "double_tap_shift_turns_on": true
  },
  "matrix_pins": {
    "rows": [
      "GP4",
      "GP5",
      "GP6",
      "GP7",
      "GP25"
    ],
    "cols": [
      "GP10",
      "GP11",
      "GP12",
      "GP13",
      "GP14",
      "GP15",
      "GP16",
      "GP17",
      "GP18",
      "GP19",
      "GP20",
      "GP21"
    ]
  },
  "processor": "RP2040",
  "url": "",
  "usb": {
    "device_version": "1.0.0",
    "pid": "0x1535",
    "vid": "0x7A79"
  },
  "layouts": {
    "LAYOUT": {
      "layout":  [{"label":"0,0", "x":0, "y":0}, {"label":"0,1", "x":1, "y":0}, {"label":"0,2", "x":2, "y":0}, {"label":"0,3", "x":3, "y":0}, {"label":"0,4", "x":4, "y":0}, {"label":"0,5", "x":5, "y":0}, {"label":"0,6", "x":6.75, "y":0}, {"label":"0,7", "x":7.75, "y":0}, {"label":"0,8", "x":8.75, "y":0}, {"label":"0,9", "x":9.75, "y":0}, {"label":"0,10", "x":10.75, "y":0}, {"label":"0,11", "x":11.75, "y":0}, {"label":"1,0", "x":0, "y":1}, {"label":"1,1", "x":1, "y":1}, {"label":"1,2", "x":2, "y":1}, {"label":"1,3", "x":3, "y":1}, {"label":"1,4", "x":4, "y":1}, {"label":"1,5", "x":5, "y":1}, {"label":"1,6", "x":6.75, "y":1}, {"label":"1,7", "x":7.75, "y":1}, {"label":"1,8", "x":8.75, "y":1}, {"label":"1,9", "x":9.75, "y":1}, {"label":"1,10", "x":10.75, "y":1}, {"label":"1,11", "x":11.75, "y":1}, {"label":"2,0", "x":0, "y":2}, {"label":"2,1", "x":1, "y":2}, {"label":"2,2", "x":2, "y":2}, {"label":"2,3", "x":3, "y":2}, {"label":"2,4", "x":4, "y":2}, {"label":"2,5", "x":5, "y":2}, {"label":"2,6", "x":6.75, "y":2}, {"label":"2,7", "x":7.75, "y":2}, {"label":"2,8", "x":8.75, "y":2}, {"label":"2,9", "x":9.75, "y":2}, {"label":"2,10", "x":10.75, "y":2}, {"label":"2,11", "x":11.75, "y":2}, {"label":"3,3", "x":3, "y":3}, {"label":"3,4", "x":4, "y":3}, {"label":"3,5", "x":5, "y":3}, {"label":"3,6", "x":6.75, "y":3}, {"label":"3,7", "x":7.75, "y":3}, {"label":"3,8", "x":8.75, "y":3}, {"label":"4,0", "x":1.5, "y":4.5}, {"label":"4,1", "x":2.5, "y":4.5}, {"label":"4,2", "x":1.5, "y":5.5}, {"label":"4,3", "x":2.5, "y":5.5}, {"label":"4,4", "x":1.5, "y":6.5}, {"label":"4,5", "x":2.5, "y":6.5}, {"label":"4,6", "x":1.5, "y":7.5}, {"label":"4,7", "x":2.5, "y":7.5}]
    }
  },
  "matrix_size": {
    "rows": 5,
    "cols": 12
  }
}