{
  "manufacturer": "Daraku-Neko",
  "keyboard_name": "GPK60-46SGR",
  "maintainer": "Daraku-Neko",
  "bootloader": "caterina",
  "diode_direction": "COL2ROW",
  "features": {
    "bootmagic": true,
    "command": false,
    "console": false,
    "extrakey": true,
    "mousekey": true,
    "nkro": true,
    "rgblight": true
  },
  "ws2812": {
		"pin": "D3"
	},
  "rgblight": {
    "led_count": 11,
    "sleep": true,
    "animations": {
      "alternating": false,
      "breathing": false,
      "christmas": false,
      "knight": false,
      "rainbow_mood": false,
      "rainbow_swirl": false,
      "rgb_test": false,
      "snake": false,
      "static_gradient": false,
      "twinkle": false
    }
  },
  "matrix_pins": {
    "rows": [
      "F4",
      "F5",
      "F6",
      "F7",
      "B1",
      "B3",
      "B2",
      "B6"
    ],
    "cols": [
      "D4",
      "C6",
      "D7",
      "E6",
      "B4",
      "B5"
    ]
  },
  "processor": "atmega32u4",
  "url": "",
  "usb": {
    "device_version": "1.0.0",
    "pid": "0x1423",
    "vid": "0xFEED"
  },
  "layouts": {
    "LAYOUT": {
      "layout": [
        {
          "matrix": [
            0,
            0
          ],
          "w": 1.5,
          "x": 0.1,
          "y": 0
        },
        {
          "matrix": [
            0,
            1
          ],
          "x": 1.5999999999999999,
          "y": 0
        },
        {
          "matrix": [
            0,
            2
          ],
          "x": 2.8000000000000003,
          "y": 0
        },
        {
          "matrix": [
            0,
            3
          ],
          "x": 3.8000000000000003,
          "y": 0
        },
        {
          "matrix": [
            0,
            4
          ],
          "x": 4.800000000000001,
          "y": 0
        },
        {
          "matrix": [
            0,
            5
          ],
          "x": 5.800000000000001,
          "y": 0
        },
        {
          "matrix": [
            3,
            4
          ],
          "x": 7.700000000000001,
          "y": 0
        },
        {
          "matrix": [
            3,
            5
          ],
          "x": 8.700000000000001,
          "y": 0
        },
        {
          "matrix": [
            4,
            0
          ],
          "x": 9.700000000000001,
          "y": 0
        },
        {
          "matrix": [
            4,
            1
          ],
          "x": 10.700000000000001,
          "y": 0
        },
        {
          "matrix": [
            4,
            2
          ],
          "x": 11.950000000000001,
          "y": 0
        },
        {
          "matrix": [
            4,
            3
          ],
          "x": 12.950000000000001,
          "y": 0
        },
        {
          "matrix": [
            4,
            4
          ],
          "x": 13.950000000000001,
          "y": 0
        },
        {
          "matrix": [
            1,
            0
          ],
          "w": 1.75,
          "x": 0,
          "y": 1
        },
        {
          "matrix": [
            1,
            1
          ],
          "x": 1.75,
          "y": 1
        },
        {
          "matrix": [
            1,
            2
          ],
          "x": 3,
          "y": 1
        },
        {
          "matrix": [
            1,
            3
          ],
          "x": 3.9999999999999996,
          "y": 1
        },
        {
          "matrix": [
            1,
            4
          ],
          "x": 5,
          "y": 1
        },
        {
          "matrix": [
            1,
            5
          ],
          "x": 6,
          "y": 1
        },
        {
          "matrix": [
            4,
            5
          ],
          "x": 7.85,
          "y": 1
        },
        {
          "matrix": [
            5,
            0
          ],
          "x": 8.85,
          "y": 1
        },
        {
          "matrix": [
            5,
            1
          ],
          "x": 9.85,
          "y": 1
        },
        {
          "matrix": [
            5,
            2
          ],
          "x": 10.85,
          "y": 1
        },
        {
          "matrix": [
            5,
            3
          ],
          "x": 12.25,
          "y": 1
        },
        {
          "matrix": [
            5,
            4
          ],
          "x": 13.25,
          "y": 1
        },
        {
          "matrix": [
            5,
            5
          ],
          "x": 14.25,
          "y": 1
        },
        {
          "matrix": [
            2,
            0
          ],
          "w": 1.75,
          "x": 0,
          "y": 2
        },
        {
          "matrix": [
            2,
            1
          ],
          "x": 1.75,
          "y": 2
        },
        {
          "matrix": [
            2,
            2
          ],
          "x": 3.2,
          "y": 2
        },
        {
          "matrix": [
            2,
            3
          ],
          "x": 4.200000000000001,
          "y": 2
        },
        {
          "matrix": [
            2,
            4
          ],
          "x": 5.200000000000001,
          "y": 2
        },
        {
          "matrix": [
            2,
            5
          ],
          "x": 6.200000000000001,
          "y": 2
        },
        {
          "matrix": [
            6,
            0
          ],
          "x": 8.200000000000001,
          "y": 2
        },
        {
          "matrix": [
            6,
            1
          ],
          "x": 9.200000000000001,
          "y": 2
        },
        {
          "matrix": [
            6,
            2
          ],
          "x": 10.200000000000001,
          "y": 2
        },
        {
          "matrix": [
            6,
            3
          ],
          "x": 11.950000000000001,
          "y": 2
        },
        {
          "matrix": [
            6,
            4
          ],
          "x": 12.950000000000001,
          "y": 2
        },
        {
          "matrix": [
            6,
            5
          ],
          "w": 1.25,
          "x": 13.950000000000001,
          "y": 2
        },
        {
          "matrix": [
            3,
            0
          ],
          "w": 1.5,
          "x": 0.1,
          "y": 3
        },
        {
          "matrix": [
            3,
            1
          ],
          "w": 1.25,
          "x": 3.65,
          "y": 3
        },
        {
          "matrix": [
            3,
            2
          ],
          "w": 1.5,
          "x": 4.9,
          "y": 3
        },
        {
          "matrix": [
            3,
            3
          ],
          "x": 6.4,
          "y": 3
        },
        {
          "matrix": [
            7,
            0
          ],
          "x": 7.800000000000001,
          "y": 3
        },
        {
          "matrix": [
            7,
            1
          ],
          "w": 1.25,
          "x": 8.8,
          "y": 3
        },
        {
          "matrix": [
            7,
            2
          ],
          "w": 1.25,
          "x": 10.05,
          "y": 3
        },
        {
          "matrix": [
            7,
            3
          ],
          "w": 1.5,
          "x": 13.450000000000001,
          "y": 3
        }
      ]
    }
  },
  "matrix_size": {
    "rows": 8,
    "cols": 6
  }
}