{
  "name": "NumNum WhiteBerry",
  "vendorId": "0x7A79",
  "productId": "0x1556",
  "lighting": "vialrgb",
  "matrix": {
    "rows": 4,
    "cols": 5
  },
  "customKeycodes": [
    {
      "shortName": "Layer\nUP",
      "title": "Layer UP",
      "name": "U_Layer_UP"
    },
    {
      "shortName": "Layer\nDOWN",
      "title": "Layer DOWN",
      "name": "U_Layer_DOWN"
    }
  ],
  "layouts": {
    "keymap": [
      [
        {
          "x": 1
        },
        "0,0",
        "0,1",
        "0,2",
        "0,3",
        "0,4"
      ],
      [
        {
          "x": 1
        },
        "1,0",
        "1,1",
        "1,2",
        "1,3",
        "1,4"
      ],
      [
        {
          "x": 1
        },
        "2,0",
        "2,1",
        "2,2",
        "2,3",
        "2,4"
      ],
      [
        "0,0\n\n\n\n\n\n\n\n\ne",
        "3,0",
        "0,1\n\n\n\n\n\n\n\n\ne",
        {
          "x": 1
        },
        "1,0\n\n\n\n\n\n\n\n\ne",
        "3,4",
        "1,1\n\n\n\n\n\n\n\n\ne"
      ]
    ]
  }
}