{
  "manufacturer": "Daraku-Neko",
  "keyboard_name": "Yamada Shozo",
  "maintainer": "Daraku-Neko",
  "usb": {
    "device_version": "1.0.0",
    "pid": "0xFEED",
    "vid": "0x1522"
  },
  "matrix": { "rows": 8, "cols": 9 },
  "processor": "STM32F401",
  "bootloader": "stm32-dfu",
  "board": "BLACKPILL_STM32_F401",
	"diode_direction": "COL2ROW",
	"features": {
		"audio": false,
		"backlight": false,
		"bootmagic": false,
		"command": false,
		"console": false,
		"encoder": true,
		"extrakey": true,
		"mousekey": true,
		"nkro": true,
		"oled": true,
		"rgb_matrix": true,
		"via": false,
		"wpm": true
	},
	"dynamic_keymap": {
		"layer_count": 7
	},
	"caps_word": {
		"enabled": true,
		"double_tap_shift_turns_on": true
	},
  "ws2812": {
    "driver": "pwm",
    "pin": "B1"
  },
  "rgb_matrix": {
    "driver": "WS2812",
    "animations": {
        "alphas_mods": true,
        "gradient_up_down": true,
        "gradient_left_right": true,
        "breathing": true,
        "band_sat": true,
        "band_val": true,
        "band_pinwheel_sat": true,
        "band_pinwheel_val": true,
        "band_spiral_sat": true,
        "band_spiral_val": true,
        "cycle_all": true,
        "cycle_left_right": true,
        "cycle_up_down": true,
        "cycle_out_in": true,
        "cycle_out_in_dual": true,
        "rainbow_moving_chevron": true,
        "cycle_pinwheel": true,
        "cycle_spiral": true,
        "dual_beacon": true,
        "rainbow_beacon": true,
        "rainbow_pinwheels": true,
        "raindrops": true,
        "jellybean_raindrops": true,
        "hue_breathing": true,
        "hue_pendulum": true,
        "hue_wave": true,
        "pixel_fractal": true,
        "pixel_flow": true,
        "pixel_rain": true,
        "typing_heatmap": true,
        "digital_rain": true,
        "solid_reactive_simple": true,
        "solid_reactive": true,
        "solid_reactive_wide": true,
        "solid_reactive_multiwide": true,
        "solid_reactive_cross": true,
        "solid_reactive_multicross": true,
        "solid_reactive_nexus": true,
        "solid_reactive_multinexus": true,
        "splash": true,
        "multisplash": true,
        "solid_splash": true,
        "solid_multisplash": true
    }
  },
	"matrix_pins": {
		"rows": [
			"B7", "B6", "B5", "B4", "B3", "A15", "B15", "B14"
		],
		"cols": [
			"A0", "A1", "A2", "A3", "A4", "A5", "A6", "B13", "B12"
		]
	},
  "encoder": {
		"enabled": true,
		"rotary": [
			{
				"pin_a": "A7",
				"pin_b": "B0"
			}
		]
	},
  "layouts": {
    "LAYOUT": {
        "layout": 
        [
          {
            "matrix": [ 0,0],
            "x": 0,
            "y": 0
          },
          {
            "matrix": [1,0],
            "x": 2,
            "y": 0
          },
          {
            "matrix": [ 2,0],
            "x": 3,
            "y": 0
          },
          {
            "matrix": [ 3,0],
            "x": 4,
            "y": 0
          },
          {
            "matrix": [ 4,0],
            "x": 5,
            "y": 0
          },
          {
            "matrix": [ 5,0],
            "x": 6,
            "y": 0
          },
          {
            "matrix": [ 6,0],
            "x": 7.5,
            "y": 0
          },
          {
            "matrix": [ 7,0],
            "x": 8.5,
            "y": 0
          },
          {
            "matrix": [ 0,1],
            "x": 9.5,
            "y": 0
          },
          {
            "matrix": [ 1,1],
            "x": 10.5,
            "y": 0
          },
          {
            "matrix": [ 2,1],
            "x": 11.5,
            "y": 0
          },
          {
            "matrix": [ 3,1],
            "x": 12.5,
            "y": 0
          },
          {
            "matrix": [ 4,1],
            "x": 14,
            "y": 0
          },
          {
            "matrix": [ 5,1],
            "x": 15,
            "y": 0
          },
          {
            "matrix": [ 6,1],
            "x": 16,
            "y": 0
          },
          {
            "matrix": [ 7,1],
            "x": 17,
            "y": 0
          },
          {
            "matrix": [ 0,2],
            "x": 18,
            "y": 0
          },
          {
            "matrix": [ 1,2],
            "x": 19,
            "y": 0
          },
          {
            "matrix": [ 2,2],
            "x": 1,
            "y": 1
          },
          {
            "matrix": [ 3,2],
            "x": 2,
            "y": 1
          },
          {
            "matrix": [ 4,2],
            "x": 3,
            "y": 1
          },
          {
            "matrix": [ 5,2],
            "x": 4,
            "y": 1
          },
          {
            "matrix": [ 6,2],
            "x": 5,
            "y": 1
          },
          {
            "matrix": [ 7,2],
            "x": 6,
            "y": 1
          },
          {
            "matrix": [ 0,3],
            "x": 7.5,
            "y": 1
          },
          {
            "matrix": [ 1,3],
            "x": 8.5,
            "y": 1
          },
          {
            "matrix": [ 2,3],
            "x": 9.5,
            "y": 1
          },
          {
            "matrix": [ 3,3],
            "x": 10.5,
            "y": 1
          },
          {
            "matrix": [ 4,3],
            "x": 11.5,
            "y": 1
          },
          {
            "matrix": [ 5,3],
            "x": 12.5,
            "y": 1
          },
          {
            "matrix": [ 6,3],
            "x": 14,
            "y": 1
          },
          {
            "matrix": [ 7,3],
            "x": 15,
            "y": 1
          },
          {
            "matrix": [ 0,4],
            "x": 16,
            "y": 1
          },
          {
            "matrix": [ 1,4],
            "x": 17,
            "y": 1
          },
          {
            "matrix": [ 2,4],
            "x": 18,
            "y": 1
          },
          {
            "matrix": [ 3,4],
            "x": 19,
            "y": 1
          },
          {
            "matrix": [ 4,4],
            "x": 1,
            "y": 2
          },
          {
            "matrix": [ 5,4],
            "x": 2,
            "y": 2
          },
          {
            "matrix": [ 6,4],
            "x": 3,
            "y": 2
          },
          {
            "matrix": [ 7,4],
            "x": 4,
            "y": 2
          },
          {
            "matrix": [ 0,5],
            "x": 5,
            "y": 2
          },
          {
            "matrix": [ 1,5],
            "x": 6,
            "y": 2
          },
          {
            "matrix": [ 2,5],
            "x": 14,
            "y": 2
          },
          {
            "matrix": [ 3,5],
            "x": 15,
            "y": 2
          },
          {
            "matrix": [ 4,5],
            "x": 16,
            "y": 2
          },
          {
            "matrix": [ 5,5],
            "x": 17,
            "y": 2
          },
          {
            "matrix": [ 6,5],
            "x": 18,
            "y": 2
          },
          {
            "matrix": [ 7,5],
            "x": 19,
            "y": 2
          },
          {
            "matrix": [ 0,6],
            "x": 2,
            "y": 3
          },
          {
            "matrix": [ 1,6],
            "x": 3,
            "y": 3
          },
          {
            "matrix": [ 2,6],
            "x": 4,
            "y": 3
          },
          {
            "matrix": [ 3,6],
            "x": 5,
            "y": 3
          },
          {
            "matrix": [ 4,6],
            "x": 6,
            "y": 3
          },
          {
            "matrix": [ 5,6],
            "x": 14,
            "y": 3
          },
          {
            "matrix": [ 6,6],
            "x": 15,
            "y": 3
          },
          {
            "matrix": [ 7,6],
            "x": 16,
            "y": 3
          },
          {
            "matrix": [ 0,7],
            "x": 17,
            "y": 3
          },
          {
            "matrix": [ 1,7],
            "x": 18,
            "y": 3
          },
          {
            "matrix": [ 2,7],
            "x": 3,
            "y": 4.25
          },
          {
            "matrix": [ 3,7],
            "x": 4,
            "y": 4.25
          },
          {
            "matrix": [ 4,7],
            "x": 5,
            "y": 4.25
          },
          {
            "matrix": [ 5,7],
            "x": 6,
            "y": 4.25
          },
          {
            "matrix": [ 6,7],
            "x": 14,
            "y": 4.25
          },
          {
            "matrix": [ 7,7],
            "x": 15,
            "y": 4.25
          },
          {
            "matrix": [ 0,8],
            "x": 16,
            "y": 4.25
          },
          {
            "matrix": [ 1,8],
            "x": 17,
            "y": 4.25
          },
          {
            "matrix": [ 2,8],
            "x": 5,
            "y": 5.25
          },
          {
            "matrix": [ 3,8],
            "x": 6,
            "y": 5.25
          },
          {
            "matrix": [ 4,8],
            "x": 14,
            "y": 5.25
          },
          {
            "matrix": [ 5,8],
            "x": 15,
            "y": 5.25
          },
          {
            "matrix": [ 6,8],
            "x": 10,
            "y": 4.25
          },
        ]
    }
  }
}