{
    "name": "elephant42",
    "vendorId": "0x4649",
    "productId": "0x0721",
    "lighting": "qmk_rgblight",
    "matrix": { "rows": 8, "cols": 6 },
    "layouts": {
        "keymap": [
            [{"x":3},"0,3",{"x":9},"4,3"],
            [{"y":-0.75,"x":2},"0,2",{"x":11},"4,2"],
            [{"y":-0.75,"x":4},"0,4",{"x":7},"4,4"],
            [{"y":-0.75,"x":5},"0,5",{"x":5},"4,5"],
            [{"y":-0.75,"x":3},"1,3",{"x":9},"5,3"],
            [{"y":-0.875,"x":1},"0,1",{"x":13},"4,1"],
            [{"y":-0.875,"x":2},"1,2",{"x":11},"5,2"],
            [{"y":-0.75,"x":4},"1,4",{"x":7},"5,4"],
            [{"y":-0.875,"c":"#aaaaaa"},"0,0",{"x":15},"4,0"],
            [{"y":-0.875,"x":5,"c":"#cccccc"},"1,5",{"x":5},"5,5"],
            [{"y":-0.75,"x":3},"2,3",{"x":9},"6,3"],
            [{"y":-0.875,"x":1},"1,1",{"x":13},"5,1"],
            [{"y":-0.875,"x":2},"2,2",{"x":11},"6,2"],
            [{"y":-0.75,"x":4},"2,4",{"x":7},"6,4"],
            [{"y":-0.875,"c":"#aaaaaa"},"1,0",{"x":15},"5,0"],
            [{"y":-0.875,"x":5,"c":"#cccccc"},"2,5",{"x":5},"6,5"],
            [{"y":-0.625,"x":1},"2,1",{"x":13},"6,1"],
            [{"y":-0.375,"x":3.25,"c":"#aaaaaa"},"3,2",{"x":8.5},"7,2"],
            [{"r":15,"rx":4.25,"ry":4,"y":-0.25,"x":0.25},"3,3"],
            [{"r":30,"rx":4.75,"ry":4.125,"y":-0.375,"x":1},"3,4"],
            [{"r":45,"rx":5.25,"ry":4.25,"y":-0.5,"x":1.75},"3,5"],
            [{"r":-45,"rx":11.75,"y":-0.5,"x":-2.75},"7,5"],
            [{"r":-30,"rx":12.25,"ry":4.125,"y":-0.375,"x":-2},"7,4"],
            [{"r":-15,"rx":12.75,"ry":4,"y":-0.25,"x":-1.25},"7,3"]
        ]
    }
}
