{
  "manufacturer": "Daraku-Neko",
  "keyboard_name": "Ieneko60O",
  "maintainer": "Daraku-Neko",
  "bootloader": "stm32-dfu",
  "diode_direction": "COL2ROW",
  "processor": "STM32L432",
  "features": {
    "bootmagic": true,
    "command": false,
    "console": false,
    "extrakey": true,
    "mousekey": true,
    "nkro": true,
    "rgb_matrix": true
  },
  "ws2812": {
		"driver": "pwm",
		"pin": "B0"
	},
  "rgb_matrix": {
		"driver": "ws2812",
		"timeout": 120000,
    "max_brightness": 180,
		"hue_steps": 4,
		"sat_steps": 4,
		"val_steps": 4,
		"speed_steps": 4,
		"animations": {
			"alphas_mods": true,
			"gradient_up_down": true,
			"gradient_left_right": true,
			"breathing": true,
			"band_sat": true,
			"band_val": true,
			"band_pinwheel_sat": true,
			"band_pinwheel_val": true,
			"band_spiral_sat": true,
			"band_spiral_val": true,
			"cycle_all": true,
			"cycle_left_right": true,
			"cycle_up_down": true,
			"cycle_out_in": true,
			"cycle_out_in_dual": true,
			"rainbow_moving_chevron": true,
			"cycle_pinwheel": true,
			"cycle_spiral": true,
			"dual_beacon": true,
			"rainbow_beacon": true,
			"rainbow_pinwheels": true,
			"raindrops": true,
			"jellybean_raindrops": true,
			"hue_breathing": true,
			"hue_pendulum": true,
			"hue_wave": true,
			"pixel_fractal": true,
			"pixel_flow": true,
			"pixel_rain": true,
			"typing_heatmap": true,
			"digital_rain": true,
			"solid_reactive_simple": true,
			"solid_reactive": true,
			"solid_reactive_wide": true,
			"solid_reactive_multiwide": true,
			"solid_reactive_cross": true,
			"solid_reactive_multicross": true,
			"solid_reactive_nexus": true,
			"solid_reactive_multinexus": true,
			"splash": true,
			"multisplash": true,
			"solid_splash": true,
			"solid_multisplash": true,
      "starlight": true,
      "starlight_dual_sat": true,
      "starlight_dual_hue": true,
      "riverflow": true
		},
    "layout": [
			{"matrix": [0, 0], "x":  0, "y": 0, "flags": 4},
			{"matrix": [0, 1], "x": 20.36, "y": 0, "flags": 4},
			{"matrix": [0, 2], "x": 40.73, "y": 0, "flags": 4},
			{"matrix": [0, 3], "x": 61.09, "y": 0, "flags": 4},
			{"matrix": [0, 4], "x": 81.45, "y": 0, "flags": 4},
			{"matrix": [0, 5], "x": 101.82, "y": 0, "flags": 4},
			{"matrix": [0, 6], "x": 122.18, "y": 0, "flags": 4},
			{"matrix": [0, 7], "x": 142.55, "y": 0, "flags": 4},
			{"matrix": [0, 8], "x": 162.91, "y": 0, "flags": 4},
			{"matrix": [0, 9], "x": 183.27, "y": 0, "flags": 4},

      {"matrix": [1, 0], "x":  0, "y": 0, "flags": 4},
			{"matrix": [1, 1], "x": 20.36, "y": 0, "flags": 4},
			{"matrix": [1, 2], "x": 40.73, "y": 0, "flags": 4},
			{"matrix": [1, 3], "x": 61.09, "y": 0, "flags": 4},
			{"matrix": [1, 4], "x": 81.45, "y": 0, "flags": 4},
			{"matrix": [1, 5], "x": 101.82, "y": 0, "flags": 4},
			{"matrix": [1, 6], "x": 122.18, "y": 0, "flags": 4},
			{"matrix": [1, 7], "x": 142.55, "y": 0, "flags": 4},
			{"matrix": [1, 8], "x": 162.91, "y": 0, "flags": 4},
			{"matrix": [1, 9], "x": 183.27, "y": 0, "flags": 4},
      {"matrix": [1, 10], "x": 183.27, "y": 0, "flags": 4},
			{"matrix": [1, 11], "x": 224, "y": 0, "flags": 4},

      {"matrix": [2, 0], "x":  0, "y": 0, "flags": 4},
			{"matrix": [2, 1], "x": 20.36, "y": 0, "flags": 4},
			{"matrix": [2, 2], "x": 40.73, "y": 0, "flags": 4},
			{"matrix": [2, 3], "x": 61.09, "y": 0, "flags": 4},
			{"matrix": [2, 4], "x": 81.45, "y": 0, "flags": 4},
			{"matrix": [2, 5], "x": 101.82, "y": 0, "flags": 4},
			{"matrix": [2, 6], "x": 122.18, "y": 0, "flags": 4},
			{"matrix": [2, 7], "x": 142.55, "y": 0, "flags": 4},
			{"matrix": [2, 8], "x": 162.91, "y": 0, "flags": 4},
			{"matrix": [2, 9], "x": 183.27, "y": 0, "flags": 4},
      {"matrix": [2, 10], "x": 183.27, "y": 0, "flags": 4},
			{"matrix": [2, 11], "x": 224, "y": 0, "flags": 4},

      {"matrix": [3, 0], "x":  0, "y": 0, "flags": 4},
			{"matrix": [3, 1], "x": 20.36, "y": 0, "flags": 4},
			{"matrix": [3, 2], "x": 40.73, "y": 0, "flags": 4},
			{"matrix": [3, 3], "x": 61.09, "y": 0, "flags": 4},
			{"matrix": [3, 4], "x": 81.45, "y": 0, "flags": 4},
			{"matrix": [3, 5], "x": 101.82, "y": 0, "flags": 4},
			{"matrix": [3, 6], "x": 122.18, "y": 0, "flags": 4},
			{"matrix": [3, 7], "x": 142.55, "y": 0, "flags": 4},
			{"matrix": [3, 8], "x": 162.91, "y": 0, "flags": 4},
			{"matrix": [3, 9], "x": 183.27, "y": 0, "flags": 4},
      {"matrix": [3, 10], "x": 183.27, "y": 0, "flags": 4},
			{"matrix": [3, 11], "x": 224, "y": 0, "flags": 4},

      {"matrix": [4, 0], "x":  0, "y": 0, "flags": 4},
			{"matrix": [4, 1], "x": 20.36, "y": 0, "flags": 4},
			{"matrix": [4, 2], "x": 40.73, "y": 0, "flags": 4},
			{"matrix": [4, 3], "x": 61.09, "y": 0, "flags": 4},
			{"matrix": [4, 4], "x": 81.45, "y": 0, "flags": 4},
			{"matrix": [4, 5], "x": 101.82, "y": 0, "flags": 4},
			{"matrix": [4, 6], "x": 122.18, "y": 0, "flags": 4},
			{"matrix": [4, 7], "x": 142.55, "y": 0, "flags": 4},
			{"matrix": [4, 8], "x": 162.91, "y": 0, "flags": 4},
			{"matrix": [4, 9], "x": 183.27, "y": 0, "flags": 4},
      {"matrix": [4, 10], "x": 183.27, "y": 0, "flags": 4},
			{"matrix": [4, 11], "x": 224, "y": 0, "flags": 4}
    ]
	},  
  "matrix_pins": {
      "rows": [
        "B1",
        "B3",
        "B4",
        "B5",
        "B6"
      ],
      "cols": [
        "A0",
        "A1",
        "A2",
        "A3",
        "A4",
        "A5",
        "A6",
        "A7",
        "A8",
        "A9",
        "A10",
        "A13"
      ]
  },
  "url": "",
  "usb": {
    "device_version": "1.0.0",
    "pid": "0x1548",
    "vid": "0x7A79"
  },
  "layouts": {
    "LAYOUT": {
      "layout": [
        {
          "label": "F1",
          "matrix": [
            0,
            0
          ],
          "x": 0,
          "y": 0
        },
        {
          "label": "F2",
          "matrix": [
            0,
            1
          ],
          "x": 1,
          "y": 0
        },
        {
          "label": "F3",
          "matrix": [
            0,
            2
          ],
          "x": 2,
          "y": 0
        },
        {
          "label": "F4",
          "matrix": [
            0,
            3
          ],
          "x": 3,
          "y": 0
        },
        {
          "label": "F5",
          "matrix": [
            0,
            4
          ],
          "x": 4,
          "y": 0
        },
        {
          "label": "F6",
          "matrix": [
            0,
            5
          ],
          "x": 5,
          "y": 0
        },
        {
          "label": "F7",
          "matrix": [
            0,
            6
          ],
          "x": 6,
          "y": 0
        },
        {
          "label": "F8",
          "matrix": [
            0,
            7
          ],
          "x": 7,
          "y": 0
        },
        {
          "label": "F9",
          "matrix": [
            0,
            8
          ],
          "x": 8,
          "y": 0
        },
        {
          "label": "F10",
          "matrix": [
            0,
            9
          ],
          "x": 9,
          "y": 0
        },
        {
          "label": "F11",
          "matrix": [
            0,
            10
          ],
          "x": 10,
          "y": 0
        },
        {
          "label": "F12",
          "matrix": [
            0,
            11
          ],
          "x": 11,
          "y": 0
        },
        {
          "label": "Esc",
          "matrix": [
            1,
            0
          ],
          "x": 0,
          "y": 1
        },
        {
          "label": "Q",
          "matrix": [
            1,
            1
          ],
          "x": 1,
          "y": 1
        },
        {
          "label": "W",
          "matrix": [
            1,
            2
          ],
          "x": 2,
          "y": 1
        },
        {
          "label": "E",
          "matrix": [
            1,
            3
          ],
          "x": 3,
          "y": 1
        },
        {
          "label": "R",
          "matrix": [
            1,
            4
          ],
          "x": 4,
          "y": 1
        },
        {
          "label": "T",
          "matrix": [
            1,
            5
          ],
          "x": 5,
          "y": 1
        },
        {
          "label": "Y",
          "matrix": [
            1,
            6
          ],
          "x": 6,
          "y": 1
        },
        {
          "label": "U",
          "matrix": [
            1,
            7
          ],
          "x": 7,
          "y": 1
        },
        {
          "label": "I",
          "matrix": [
            1,
            8
          ],
          "x": 8,
          "y": 1
        },
        {
          "label": "O",
          "matrix": [
            1,
            9
          ],
          "x": 9,
          "y": 1
        },
        {
          "label": "P",
          "matrix": [
            1,
            10
          ],
          "x": 10,
          "y": 1
        },
        {
          "label": "\\",
          "matrix": [
            1,
            11
          ],
          "x": 11,
          "y": 1
        },
        {
          "label": "F1",
          "matrix": [
            2,
            0
          ],
          "x": 0,
          "y": 2
        },
        {
          "label": "F2",
          "matrix": [
            2,
            1
          ],
          "x": 1,
          "y": 2
        },
        {
          "label": "F3",
          "matrix": [
            2,
            2
          ],
          "x": 2,
          "y": 2
        },
        {
          "label": "F4",
          "matrix": [
            2,
            3
          ],
          "x": 3,
          "y": 2
        },
        {
          "label": "F5",
          "matrix": [
            2,
            4
          ],
          "x": 4,
          "y": 2
        },
        {
          "label": "F6",
          "matrix": [
            2,
            5
          ],
          "x": 5,
          "y": 2
        },
        {
          "label": "F7",
          "matrix": [
            2,
            6
          ],
          "x": 6,
          "y": 2
        },
        {
          "label": "F8",
          "matrix": [
            2,
            7
          ],
          "x": 7,
          "y": 2
        },
        {
          "label": "F9",
          "matrix": [
            2,
            8
          ],
          "x": 8,
          "y": 2
        },
        {
          "label": "F10",
          "matrix": [
            2,
            9
          ],
          "x": 9,
          "y": 2
        },
        {
          "label": "F11",
          "matrix": [
            2,
            10
          ],
          "x": 10,
          "y": 2
        },
        {
          "label": "F12",
          "matrix": [
            2,
            11
          ],
          "x": 11,
          "y": 2
        },
        {
          "label": "Esc",
          "matrix": [
            3,
            0
          ],
          "x": 0,
          "y": 3
        },
        {
          "label": "Q",
          "matrix": [
            3,
            1
          ],
          "x": 1,
          "y": 3
        },
        {
          "label": "W",
          "matrix": [
            3,
            2
          ],
          "x": 2,
          "y": 3
        },
        {
          "label": "E",
          "matrix": [
            3,
            3
          ],
          "x": 3,
          "y": 3
        },
        {
          "label": "R",
          "matrix": [
            3,
            4
          ],
          "x": 4,
          "y": 3
        },
        {
          "label": "T",
          "matrix": [
            3,
            5
          ],
          "x": 5,
          "y": 3
        },
        {
          "label": "Y",
          "matrix": [
            3,
            6
          ],
          "x": 6,
          "y": 3
        },
        {
          "label": "U",
          "matrix": [
            3,
            7
          ],
          "x": 7,
          "y": 3
        },
        {
          "label": "I",
          "matrix": [
            3,
            8
          ],
          "x": 8,
          "y": 3
        },
        {
          "label": "O",
          "matrix": [
            3,
            9
          ],
          "x": 9,
          "y": 3
        },
        {
          "label": "P",
          "matrix": [
            3,
            10
          ],
          "x": 10,
          "y": 3
        },
        {
          "label": "\\",
          "matrix": [
            3,
            11
          ],
          "x": 11,
          "y": 3
        },
        {
          "label": "F1",
          "matrix": [
            4,
            0
          ],
          "x": 0,
          "y": 4
        },
        {
          "label": "F2",
          "matrix": [
            4,
            1
          ],
          "x": 1,
          "y": 4
        },
        {
          "label": "F3",
          "matrix": [
            4,
            2
          ],
          "x": 2,
          "y": 4
        },
        {
          "label": "F4",
          "matrix": [
            4,
            3
          ],
          "x": 3,
          "y": 4
        },
        {
          "label": "F5",
          "matrix": [
            4,
            4
          ],
          "x": 4,
          "y": 4
        },
        {
          "label": "F6",
          "matrix": [
            4,
            5
          ],
          "x": 5,
          "y": 4
        },
        {
          "label": "F7",
          "matrix": [
            4,
            6
          ],
          "x": 6,
          "y": 4
        },
        {
          "label": "F8",
          "matrix": [
            4,
            7
          ],
          "x": 7,
          "y": 4
        },
        {
          "label": "F9",
          "matrix": [
            4,
            8
          ],
          "x": 8,
          "y": 4
        },
        {
          "label": "F10",
          "matrix": [
            4,
            9
          ],
          "x": 9,
          "y": 4
        },
        {
          "label": "F11",
          "matrix": [
            4,
            10
          ],
          "x": 10,
          "y": 4
        },
        {
          "label": "F12",
          "matrix": [
            4,
            11
          ],
          "x": 11,
          "y": 4
        }
      ]
    }
  },
  "matrix_size": {
    "rows": 5,
    "cols": 12
  }
}