{
  "manufacturer": "Darakue-Neko",
  "keyboard_name": "Yamada67 AN",
  "maintainer": "Darakue-Neko",
  "bootloader": "rp2040",
  "diode_direction": "COL2ROW",
  "features": {
    "bootmagic": true,
    "command": false,
    "console": false,
    "extrakey": true,
    "mousekey": true,
    "nkro": true,
    "rgblight": true
  },
  "caps_word": {
    "enabled": true,
    "double_tap_shift_turns_on": true
  },
  "rgblight": {
    "led_count": 14,
    "pin": "GP0",
    "sleep": true,
    "animations": {
      "alternating": true,
      "breathing": true,
      "christmas": true,
      "knight": true,
      "rainbow_mood": true,
      "rainbow_swirl": true,
      "rgb_test": true,
      "snake": true,
      "static_gradient": true,
      "twinkle": true
    }
  },
  "matrix_pins": {
    "rows": [
      "GP15",
      "GP26",
      "GP27",
      "GP28",
      "GP29"
    ],
    "cols": [
      "GP1",
      "GP2",
      "GP3",
      "GP4",
      "GP5",
      "GP6",
      "GP7",
      "GP8",
      "GP9",
      "GP10",
      "GP11",
      "GP12",
      "GP13",
      "GP14"
    ]
  },
  "processor": "RP2040",
  "url": "",
  "usb": {
    "device_version": "1.0.0",
    "pid": "0x1532",
    "vid": "0xFEED"
  },
  "layouts": {
    "LAYOUT": {
      "layout": [
        {
          "label": "Esc",
          "matrix": [
            0,
            0
          ],
          "x": 0,
          "y": 0
        },
        {
          "label": "1",
          "matrix": [
            0,
            1
          ],
          "x": 1,
          "y": 0
        },
        {
          "label": "2",
          "matrix": [
            0,
            2
          ],
          "x": 2,
          "y": 0
        },
        {
          "label": "3",
          "matrix": [
            0,
            3
          ],
          "x": 3,
          "y": 0
        },
        {
          "label": "4",
          "matrix": [
            0,
            4
          ],
          "x": 4,
          "y": 0
        },
        {
          "label": "5",
          "matrix": [
            0,
            5
          ],
          "x": 5,
          "y": 0
        },
        {
          "label": "6",
          "matrix": [
            0,
            6
          ],
          "x": 6,
          "y": 0
        },
        {
          "label": "7",
          "matrix": [
            0,
            7
          ],
          "x": 7,
          "y": 0
        },
        {
          "label": "8",
          "matrix": [
            0,
            8
          ],
          "x": 8,
          "y": 0
        },
        {
          "label": "9",
          "matrix": [
            0,
            9
          ],
          "x": 9,
          "y": 0
        },
        {
          "label": "0",
          "matrix": [
            0,
            10
          ],
          "x": 10,
          "y": 0
        },
        {
          "label": "-",
          "matrix": [
            0,
            11
          ],
          "x": 11,
          "y": 0
        },
        {
          "label": "=",
          "matrix": [
            0,
            12
          ],
          "x": 12,
          "y": 0
        },
        {
          "label": "Backspace",
          "matrix": [
            0,
            13
          ],
          "w": 2,
          "x": 13,
          "y": 0
        },
        {
          "label": "Delete",
          "matrix": [
            4,
            12
          ],
          "x": 15.75,
          "y": 0
        },
        {
          "label": "Tab",
          "matrix": [
            1,
            0
          ],
          "w": 1.5,
          "x": 0,
          "y": 1
        },
        {
          "label": "q",
          "matrix": [
            1,
            1
          ],
          "x": 1.5,
          "y": 1
        },
        {
          "label": "w",
          "matrix": [
            1,
            2
          ],
          "x": 2.5,
          "y": 1
        },
        {
          "label": "e",
          "matrix": [
            1,
            3
          ],
          "x": 3.5,
          "y": 1
        },
        {
          "label": "r",
          "matrix": [
            1,
            4
          ],
          "x": 4.5,
          "y": 1
        },
        {
          "label": "t",
          "matrix": [
            1,
            5
          ],
          "x": 5.5,
          "y": 1
        },
        {
          "label": "y",
          "matrix": [
            1,
            6
          ],
          "x": 6.5,
          "y": 1
        },
        {
          "label": "u",
          "matrix": [
            1,
            7
          ],
          "x": 7.5,
          "y": 1
        },
        {
          "label": "i",
          "matrix": [
            1,
            8
          ],
          "x": 8.5,
          "y": 1
        },
        {
          "label": "o",
          "matrix": [
            1,
            9
          ],
          "x": 9.5,
          "y": 1
        },
        {
          "label": "p",
          "matrix": [
            1,
            10
          ],
          "x": 10.5,
          "y": 1
        },
        {
          "label": "[",
          "matrix": [
            1,
            11
          ],
          "x": 11.5,
          "y": 1
        },
        {
          "label": "]",
          "matrix": [
            1,
            12
          ],
          "x": 12.5,
          "y": 1
        },
        {
          "label": "\\",
          "matrix": [
            1,
            13
          ],
          "w": 1.5,
          "x": 13.5,
          "y": 1
        },
        {
          "label": "Home",
          "matrix": [
            4,
            11
          ],
          "x": 15.75,
          "y": 1
        },
        {
          "label": "Left Control",
          "matrix": [
            2,
            0
          ],
          "w": 1.75,
          "x": 0,
          "y": 2
        },
        {
          "label": "a",
          "matrix": [
            2,
            1
          ],
          "x": 1.75,
          "y": 2
        },
        {
          "label": "s",
          "matrix": [
            2,
            2
          ],
          "x": 2.75,
          "y": 2
        },
        {
          "label": "d",
          "matrix": [
            2,
            3
          ],
          "x": 3.75,
          "y": 2
        },
        {
          "label": "f",
          "matrix": [
            2,
            4
          ],
          "x": 4.75,
          "y": 2
        },
        {
          "label": "g",
          "matrix": [
            2,
            5
          ],
          "x": 5.75,
          "y": 2
        },
        {
          "label": "h",
          "matrix": [
            2,
            6
          ],
          "x": 6.75,
          "y": 2
        },
        {
          "label": "j",
          "matrix": [
            2,
            7
          ],
          "x": 7.75,
          "y": 2
        },
        {
          "label": "k",
          "matrix": [
            2,
            8
          ],
          "x": 8.75,
          "y": 2
        },
        {
          "label": "l",
          "matrix": [
            2,
            9
          ],
          "x": 9.75,
          "y": 2
        },
        {
          "label": ";",
          "matrix": [
            2,
            10
          ],
          "x": 10.75,
          "y": 2
        },
        {
          "label": "'",
          "matrix": [
            2,
            11
          ],
          "x": 11.75,
          "y": 2
        },
        {
          "label": "Enter",
          "matrix": [
            2,
            12
          ],
          "w": 2.25,
          "x": 12.75,
          "y": 2
        },
        {
          "label": "End",
          "matrix": [
            4,
            10
          ],
          "x": 15.75,
          "y": 2
        },
        {
          "label": "Left Shift",
          "matrix": [
            3,
            0
          ],
          "w": 2.25,
          "x": 0,
          "y": 3
        },
        {
          "label": "z",
          "matrix": [
            3,
            1
          ],
          "x": 2.25,
          "y": 3
        },
        {
          "label": "x",
          "matrix": [
            3,
            2
          ],
          "x": 3.25,
          "y": 3
        },
        {
          "label": "c",
          "matrix": [
            3,
            3
          ],
          "x": 4.25,
          "y": 3
        },
        {
          "label": "v",
          "matrix": [
            3,
            4
          ],
          "x": 5.25,
          "y": 3
        },
        {
          "label": "b",
          "matrix": [
            3,
            5
          ],
          "x": 6.25,
          "y": 3
        },
        {
          "label": "n",
          "matrix": [
            3,
            6
          ],
          "x": 7.25,
          "y": 3
        },
        {
          "label": "m",
          "matrix": [
            3,
            7
          ],
          "x": 8.25,
          "y": 3
        },
        {
          "label": ",",
          "matrix": [
            3,
            8
          ],
          "x": 9.25,
          "y": 3
        },
        {
          "label": ".",
          "matrix": [
            3,
            9
          ],
          "x": 10.25,
          "y": 3
        },
        {
          "label": "/",
          "matrix": [
            3,
            10
          ],
          "x": 11.25,
          "y": 3
        },
        {
          "label": "Right Shift",
          "matrix": [
            3,
            11
          ],
          "w": 1.75,
          "x": 12.25,
          "y": 3
        },
        {
          "label": "Up",
          "matrix": [
            3,
            12
          ],
          "x": 14.75,
          "y": 3.25
        },
        {
          "label": "Left GUI",
          "matrix": [
            4,
            0
          ],
          "w": 1.25,
          "x": 0,
          "y": 4
        },
        {
          "label": "Left Alt",
          "matrix": [
            4,
            1
          ],
          "w": 1.25,
          "x": 1.25,
          "y": 4
        },
        {
          "label": "MO(1)",
          "matrix": [
            4,
            2
          ],
          "x": 2.5,
          "y": 4
        },
        {
          "label": "Spacebar",
          "matrix": [
            4,
            3
          ],
          "w": 6.25,
          "x": 3.5,
          "y": 4
        },
        {
          "label": "MO(1)",
          "matrix": [
            4,
            4
          ],
          "x": 9.75,
          "y": 4
        },
        {
          "label": "Right Alt",
          "matrix": [
            4,
            5
          ],
          "w": 1.25,
          "x": 10.75,
          "y": 4
        },
        {
          "label": "Right GUI",
          "matrix": [
            4,
            6
          ],
          "w": 1.25,
          "x": 12,
          "y": 4
        },
        {
          "label": "Left",
          "matrix": [
            4,
            7
          ],
          "x": 13.75,
          "y": 4.25
        },
        {
          "label": "Down",
          "matrix": [
            4,
            8
          ],
          "x": 14.75,
          "y": 4.25
        },
        {
          "label": "Right",
          "matrix": [
            4,
            9
          ],
          "x": 15.75,
          "y": 4.25
        }
      ]
    }
  },
  "matrix_size": {
    "rows": 5,
    "cols": 14
  }
}