{
  "keyboard_name": "Yamada Iteya",
  "manufacturer": "Daraku-Neko",
  "maintainer": "Daraku-Neko",
  "bootloader": "rp2040",
  "processor": "RP2040",
  "diode_direction": "COL2ROW",
  "usb": {
    "device_version": "1.0.0",
    "pid": "0x1525",
    "vid": "0x7A79"
  },
  "features": {
      "audio": false,
      "backlight": false,
      "bootmagic": false,
      "command": false,
      "console": false,
      "encoder": true,
      "extrakey": true,
      "mousekey": true,
      "nkro": true,
      "oled": false,
      "rgb_matrix": true,
      "via": true,
      "wpm": false
  },
  "encoder": {
		"enabled": true,
		"rotary": [
			{
				"pin_a": "GP28",
				"pin_b": "GP27"
			}
		]
	},
  "ws2812": {
    "driver": "vendor",
    "pin": "GP0"
  },
  "rgb_matrix": {
    "driver": "WS2812",
    "animations": {
        "alphas_mods": true,
        "gradient_up_down": true,
        "gradient_left_right": true,
        "breathing": true,
        "band_sat": true,
        "band_val": true,
        "band_pinwheel_sat": true,
        "band_pinwheel_val": true,
        "band_spiral_sat": true,
        "band_spiral_val": true,
        "cycle_all": true,
        "cycle_left_right": true,
        "cycle_up_down": true,
        "cycle_out_in": true,
        "cycle_out_in_dual": true,
        "rainbow_moving_chevron": true,
        "cycle_pinwheel": true,
        "cycle_spiral": true,
        "dual_beacon": true,
        "rainbow_beacon": true,
        "rainbow_pinwheels": true,
        "raindrops": true,
        "jellybean_raindrops": true,
        "hue_breathing": true,
        "hue_pendulum": true,
        "hue_wave": true,
        "pixel_fractal": true,
        "pixel_flow": true,
        "pixel_rain": true,
        "typing_heatmap": true,
        "digital_rain": true,
        "solid_reactive_simple": true,
        "solid_reactive": true,
        "solid_reactive_wide": true,
        "solid_reactive_multiwide": true,
        "solid_reactive_cross": true,
        "solid_reactive_multicross": true,
        "solid_reactive_nexus": true,
        "solid_reactive_multinexus": true,
        "splash": true,
        "multisplash": true,
        "solid_splash": true,
        "solid_multisplash": true
    }
  },
  "matrix_pins": {
      "cols": ["GP7", "GP8", "GP9", "GP10", "GP11", "GP12", "GP13", "GP14", "GP15", "GP16", "GP17", "GP19", "GP20", "GP21", "GP26"],
      "rows": ["GP1", "GP2", "GP3", "GP4", "GP5", "GP6"]
  },
  "matrix_size": {
      "cols": 15,
      "rows": 6
  },
  "double_tap_shift_turns_on": true,
	"dynamic_keymap": {
		  "layer_count": 7
	},
  "layouts": {
    "LAYOUT": {
      "layout": [
        {
          "label": "0,0",
          "matrix": [
            0,
            0
          ],
          "x": 0,
          "y": 0
        },
        {
          "label": "0,1",
          "matrix": [
            0,
            1
          ],
          "x": 1,
          "y": 0
        },
        {
          "label": "0,2",
          "matrix": [
            0,
            2
          ],
          "x": 2,
          "y": 0
        },
        {
          "label": "0,3",
          "matrix": [
            0,
            3
          ],
          "x": 3,
          "y": 0
        },
        {
          "label": "0,4",
          "matrix": [
            0,
            4
          ],
          "x": 4,
          "y": 0
        },
        {
          "label": "0,5",
          "matrix": [
            0,
            5
          ],
          "x": 5,
          "y": 0
        },
        {
          "label": "0,6",
          "matrix": [
            0,
            6
          ],
          "x": 6,
          "y": 0
        },
        {
          "label": "0,7",
          "matrix": [
            0,
            7
          ],
          "x": 10.25,
          "y": 0
        },
        {
          "label": "0,8",
          "matrix": [
            0,
            8
          ],
          "x": 11.25,
          "y": 0
        },
        {
          "label": "0,9",
          "matrix": [
            0,
            9
          ],
          "x": 12.25,
          "y": 0
        },
        {
          "label": "0,10",
          "matrix": [
            0,
            10
          ],
          "x": 13.25,
          "y": 0
        },
        {
          "label": "0,11",
          "matrix": [
            0,
            11
          ],
          "x": 14.25,
          "y": 0
        },
        {
          "label": "0,12",
          "matrix": [
            0,
            12
          ],
          "x": 15.25,
          "y": 0
        },
        {
          "label": "0,13",
          "matrix": [
            0,
            13
          ],
          "x": 16.25,
          "y": 0
        },
        {
          "label": "0,14",
          "matrix": [
            0,
            14
          ],
          "x": 18.25,
          "y": 0
        },
        {
          "label": "1,0",
          "matrix": [
            1,
            0
          ],
          "x": 0,
          "y": 1.5
        },
        {
          "label": "1,1",
          "matrix": [
            1,
            1
          ],
          "x": 1,
          "y": 1.5
        },
        {
          "label": "1,2",
          "matrix": [
            1,
            2
          ],
          "x": 2,
          "y": 1.5
        },
        {
          "label": "1,3",
          "matrix": [
            1,
            3
          ],
          "x": 3,
          "y": 1.5
        },
        {
          "label": "1,4",
          "matrix": [
            1,
            4
          ],
          "x": 4,
          "y": 1.5
        },
        {
          "label": "1,5",
          "matrix": [
            1,
            5
          ],
          "x": 5,
          "y": 1.5
        },
        {
          "label": "1,6",
          "matrix": [
            1,
            6
          ],
          "x": 6,
          "y": 1.5
        },
        {
          "label": "1,7",
          "matrix": [
            1,
            7
          ],
          "x": 9.75,
          "y": 1.5
        },
        {
          "label": "1,8",
          "matrix": [
            1,
            8
          ],
          "x": 10.75,
          "y": 1.5
        },
        {
          "label": "1,9",
          "matrix": [
            1,
            9
          ],
          "x": 11.75,
          "y": 1.5
        },
        {
          "label": "1,10",
          "matrix": [
            1,
            10
          ],
          "x": 12.75,
          "y": 1.5
        },
        {
          "label": "1,11",
          "matrix": [
            1,
            11
          ],
          "x": 13.75,
          "y": 1.5
        },
        {
          "label": "1,12",
          "matrix": [
            1,
            12
          ],
          "x": 14.75,
          "y": 1.5
        },
        {
          "label": "1,13",
          "matrix": [
            1,
            13
          ],
          "w": 2,
          "x": 15.75,
          "y": 1.5
        },
        {
          "label": "2,0",
          "matrix": [
            2,
            0
          ],
          "w": 1.5,
          "x": 0,
          "y": 2.5
        },
        {
          "label": "2,1",
          "matrix": [
            2,
            1
          ],
          "x": 1.5,
          "y": 2.5
        },
        {
          "label": "2,2",
          "matrix": [
            2,
            2
          ],
          "x": 2.5,
          "y": 2.5
        },
        {
          "label": "2,3",
          "matrix": [
            2,
            3
          ],
          "x": 3.5,
          "y": 2.5
        },
        {
          "label": "2,4",
          "matrix": [
            2,
            4
          ],
          "x": 4.5,
          "y": 2.5
        },
        {
          "label": "2,5",
          "matrix": [
            2,
            5
          ],
          "x": 5.5,
          "y": 2.5
        },
        {
          "label": "2,6",
          "matrix": [
            2,
            6
          ],
          "x": 9.25,
          "y": 2.5
        },
        {
          "label": "2,7",
          "matrix": [
            2,
            7
          ],
          "x": 10.25,
          "y": 2.5
        },
        {
          "label": "2,8",
          "matrix": [
            2,
            8
          ],
          "x": 11.25,
          "y": 2.5
        },
        {
          "label": "2,9",
          "matrix": [
            2,
            9
          ],
          "x": 12.25,
          "y": 2.5
        },
        {
          "label": "2,10",
          "matrix": [
            2,
            10
          ],
          "x": 13.25,
          "y": 2.5
        },
        {
          "label": "2,11",
          "matrix": [
            2,
            11
          ],
          "x": 14.25,
          "y": 2.5
        },
        {
          "label": "2,12",
          "matrix": [
            2,
            12
          ],
          "x": 15.25,
          "y": 2.5
        },
        {
          "label": "2,13",
          "matrix": [
            2,
            13
          ],
          "w": 1.5,
          "x": 16.25,
          "y": 2.5
        },
        {
          "label": "3,0",
          "matrix": [
            3,
            0
          ],
          "w": 1.75,
          "x": 0,
          "y": 3.5
        },
        {
          "label": "3,1",
          "matrix": [
            3,
            1
          ],
          "x": 1.75,
          "y": 3.5
        },
        {
          "label": "3,2",
          "matrix": [
            3,
            2
          ],
          "x": 2.75,
          "y": 3.5
        },
        {
          "label": "3,3",
          "matrix": [
            3,
            3
          ],
          "x": 3.75,
          "y": 3.5
        },
        {
          "label": "3,4",
          "matrix": [
            3,
            4
          ],
          "x": 4.75,
          "y": 3.5
        },
        {
          "label": "3,5",
          "matrix": [
            3,
            5
          ],
          "x": 5.75,
          "y": 3.5
        },
        {
          "label": "3,6",
          "matrix": [
            3,
            6
          ],
          "x": 9.5,
          "y": 3.5
        },
        {
          "label": "3,7",
          "matrix": [
            3,
            7
          ],
          "x": 10.5,
          "y": 3.5
        },
        {
          "label": "3,8",
          "matrix": [
            3,
            8
          ],
          "x": 11.5,
          "y": 3.5
        },
        {
          "label": "3,9",
          "matrix": [
            3,
            9
          ],
          "x": 12.5,
          "y": 3.5
        },
        {
          "label": "3,10",
          "matrix": [
            3,
            10
          ],
          "x": 13.5,
          "y": 3.5
        },
        {
          "label": "3,11",
          "matrix": [
            3,
            11
          ],
          "x": 14.5,
          "y": 3.5
        },
        {
          "label": "3,12",
          "matrix": [
            3,
            12
          ],
          "w": 2.25,
          "x": 15.5,
          "y": 3.5
        },
        {
          "label": "4,0",
          "matrix": [
            4,
            0
          ],
          "w": 2,
          "x": 0,
          "y": 4.5
        },
        {
          "label": "4,1",
          "matrix": [
            4,
            1
          ],
          "x": 2,
          "y": 4.5
        },
        {
          "label": "4,2",
          "matrix": [
            4,
            2
          ],
          "x": 3,
          "y": 4.5
        },
        {
          "label": "4,3",
          "matrix": [
            4,
            3
          ],
          "x": 4,
          "y": 4.5
        },
        {
          "label": "4,4",
          "matrix": [
            4,
            4
          ],
          "x": 5,
          "y": 4.5
        },
        {
          "label": "4,5",
          "matrix": [
            4,
            5
          ],
          "x": 6,
          "y": 4.5
        },
        {
          "label": "4,6",
          "matrix": [
            4,
            6
          ],
          "x": 9.5,
          "y": 4.5
        },
        {
          "label": "4,7",
          "matrix": [
            4,
            7
          ],
          "x": 10.5,
          "y": 4.5
        },
        {
          "label": "4,8",
          "matrix": [
            4,
            8
          ],
          "x": 11.5,
          "y": 4.5
        },
        {
          "label": "4,9",
          "matrix": [
            4,
            9
          ],
          "x": 12.5,
          "y": 4.5
        },
        {
          "label": "4,10",
          "matrix": [
            4,
            10
          ],
          "x": 13.5,
          "y": 4.5
        },
        {
          "label": "4,11",
          "matrix": [
            4,
            11
          ],
          "w": 2.75,
          "x": 14.5,
          "y": 4.5
        },
        {
          "label": "5,0",
          "matrix": [
            5,
            0
          ],
          "w": 1.75,
          "x": 0,
          "y": 5.5
        },
        {
          "label": "5,1",
          "matrix": [
            5,
            1
          ],
          "w": 1.5,
          "x": 3.25,
          "y": 5.5
        },
        {
          "label": "5,2",
          "matrix": [
            5,
            2
          ],
          "w": 1.25,
          "x": 4.75,
          "y": 5.5
        },
        {
          "label": "5,3",
          "matrix": [
            5,
            3
          ],
          "x": 6,
          "y": 5.5
        },
        {
          "label": "5,4",
          "matrix": [
            5,
            4
          ],
          "x": 9.5,
          "y": 5.5
        },
        {
          "label": "5,5",
          "matrix": [
            5,
            5
          ],
          "w": 1.25,
          "x": 10.5,
          "y": 5.5
        },
        {
          "label": "5,6",
          "matrix": [
            5,
            6
          ],
          "w": 1.5,
          "x": 11.75,
          "y": 5.5
        },
        {
          "label": "5,7",
          "matrix": [
            5,
            7
          ],
          "x": 15,
          "y": 5.5
        },
        {
          "label": "5,8",
          "matrix": [
            5,
            8
          ],
          "w": 1.75,
          "x": 0,
          "y": 6.5
        },
        {
          "label": "5,9",
          "matrix": [
            5,
            9
          ],
          "x": 14,
          "y": 6.5
        },
        {
          "label": "5,10",
          "matrix": [
            5,
            10
          ],
          "x": 15,
          "y": 6.5
        },
        {
          "label": "5,11",
          "matrix": [
            5,
            11
          ],
          "x": 16,
          "y": 6.5
        }
      ]
    }
  }
}