{
  "name": "Oyamada Chaco",
  "vendorId": "0xFEED",
  "productId": "0x1531",
  "lighting": "vialrgb",
  "matrix": {
    "rows": 4,
    "cols": 15
  },
  "layouts": {
    "labels": [],
    "keymap": [
      [
        "0,0",
        "0,1",
        "0,2",
        "0,3",
        "0,4",
        "0,5",
        "0,6",
        "0,7",
        "0,8",
        "0,9",
        "0,10",
        "0,11",
        "0,12",
        "0,13",
        {
          "x": 0.5
        },
        "0,14"
      ],
      [
        {
          "w": 1.25
        },
        "1,0",
        "1,1",
        "1,2",
        "1,3",
        "1,4",
        "1,5",
        "1,6",
        "1,7",
        "1,8",
        "1,9",
        "1,10",
        "1,11",
        {
          "w": 1.75
        },
        "1,12",
        {
          "x": 0.5
        },
        "1,14"
      ],
      [
        {
          "w": 1.75
        },
        "2,0",
        "2,1",
        "2,2",
        "2,3",
        "2,4",
        "2,5",
        "2,6",
        "2,7",
        "2,8",
        "2,9",
        "2,10",
        {
          "w": 1.25
        },
        "2,11"
      ],
      [
        {
          "y": -0.75,
          "x": 13.5
        },
        "2,12"
      ],
      [
        {
          "y": -0.25,
          "w": 1.25
        },
        "3,0",
        {
          "w": 1.25
        },
        "3,1",
        {
          "w": 1.25
        },
        "3,2",
        {
          "w": 2.25
        },
        "3,3",
        {
          "w": 2.25
        },
        "3,5",
        {
          "w": 1.25
        },
        "3,7",
        {
          "w": 1.25
        },
        "3,8",
        {
          "w": 1.25
        },
        "3,9"
      ],
      [
        {
          "y": -0.75,
          "x": 12.5
        },
        "3,12",
        "3,13",
        "3,14"
      ]
    ]
  }
}