{
  "manufacturer": "Daraku-Neko",
  "keyboard_name": "Ieneko42R",
  "maintainer": "Daraku-Neko",
  "bootloader": "rp2040",
  "diode_direction": "COL2ROW",
  "features": {
    "audio": false,
    "backlight": false,
    "bootmagic": false,
    "command": false,
    "console": false,
    "encoder": false,
    "extrakey": true,
    "mousekey": true,
    "nkro": false,
    "oled": false,
    "rgb_matrix": true,
    "via": false,
    "wpm": false
  },
  "matrix_pins": {
    "rows": [
      "GP1",
      "GP3",
      "GP5",
      "GP7"
    ],
    "cols": [
      "GP9",
      "GP10",
      "GP11",
      "GP13",
      "GP15",
      "GP17",
      "GP19",
      "GP20",
      "GP21",
      "GP23",
      "GP25",
      "GP27"
    ]
  },
  "processor": "RP2040",
  "url": "",
  "usb": {
    "device_version": "1.0.0",
    "pid": "0x1530",
    "vid": "0xFEED"
  },
  "layouts": {
    "LAYOUT": {
      "layout": [
        {
          "label": "Esc",
          "matrix": [
            0,
            0
          ],
          "x": 0,
          "y": 0
        },
        {
          "label": "Q",
          "matrix": [
            0,
            1
          ],
          "x": 1,
          "y": 0
        },
        {
          "label": "W",
          "matrix": [
            0,
            2
          ],
          "x": 2,
          "y": 0
        },
        {
          "label": "E",
          "matrix": [
            0,
            3
          ],
          "x": 3,
          "y": 0
        },
        {
          "label": "R",
          "matrix": [
            0,
            4
          ],
          "x": 4,
          "y": 0
        },
        {
          "label": "T",
          "matrix": [
            0,
            5
          ],
          "x": 5,
          "y": 0
        },
        {
          "label": "Y",
          "matrix": [
            0,
            6
          ],
          "x": 6,
          "y": 0
        },
        {
          "label": "U",
          "matrix": [
            0,
            7
          ],
          "x": 7,
          "y": 0
        },
        {
          "label": "I",
          "matrix": [
            0,
            8
          ],
          "x": 8,
          "y": 0
        },
        {
          "label": "O",
          "matrix": [
            0,
            9
          ],
          "x": 9,
          "y": 0
        },
        {
          "label": "P",
          "matrix": [
            0,
            10
          ],
          "x": 10,
          "y": 0
        },
        {
          "label": "Backspace",
          "matrix": [
            0,
            11
          ],
          "x": 11,
          "y": 0
        },
        {
          "label": "MT(MOD_LCTL,KC_TAB)",
          "matrix": [
            1,
            0
          ],
          "w": 1.25,
          "x": 0,
          "y": 1
        },
        {
          "label": "A",
          "matrix": [
            1,
            1
          ],
          "x": 1.25,
          "y": 1
        },
        {
          "label": "S",
          "matrix": [
            1,
            2
          ],
          "x": 2.25,
          "y": 1
        },
        {
          "label": "D",
          "matrix": [
            1,
            3
          ],
          "x": 3.25,
          "y": 1
        },
        {
          "label": "F",
          "matrix": [
            1,
            4
          ],
          "x": 4.25,
          "y": 1
        },
        {
          "label": "G",
          "matrix": [
            1,
            5
          ],
          "x": 5.25,
          "y": 1
        },
        {
          "label": "H",
          "matrix": [
            1,
            6
          ],
          "x": 6.25,
          "y": 1
        },
        {
          "label": "J",
          "matrix": [
            1,
            7
          ],
          "x": 7.25,
          "y": 1
        },
        {
          "label": "K",
          "matrix": [
            1,
            8
          ],
          "x": 8.25,
          "y": 1
        },
        {
          "label": "L",
          "matrix": [
            1,
            9
          ],
          "x": 9.25,
          "y": 1
        },
        {
          "label": "Enter",
          "matrix": [
            1,
            10
          ],
          "w": 1.75,
          "x": 10.25,
          "y": 1
        },
        {
          "label": "Left Shift",
          "matrix": [
            2,
            0
          ],
          "w": 1.75,
          "x": 0,
          "y": 2
        },
        {
          "label": "Z",
          "matrix": [
            2,
            1
          ],
          "x": 1.75,
          "y": 2
        },
        {
          "label": "X",
          "matrix": [
            2,
            2
          ],
          "x": 2.75,
          "y": 2
        },
        {
          "label": "C",
          "matrix": [
            2,
            3
          ],
          "x": 3.75,
          "y": 2
        },
        {
          "label": "V",
          "matrix": [
            2,
            4
          ],
          "x": 4.75,
          "y": 2
        },
        {
          "label": "B",
          "matrix": [
            2,
            5
          ],
          "x": 5.75,
          "y": 2
        },
        {
          "label": "N",
          "matrix": [
            2,
            6
          ],
          "x": 6.75,
          "y": 2
        },
        {
          "label": "M",
          "matrix": [
            2,
            7
          ],
          "x": 7.75,
          "y": 2
        },
        {
          "label": "<",
          "matrix": [
            2,
            8
          ],
          "x": 8.75,
          "y": 2
        },
        {
          "label": ">",
          "matrix": [
            2,
            9
          ],
          "x": 9.75,
          "y": 2
        },
        {
          "label": "MT(MOD_LSFT, KC_SCLN)",
          "matrix": [
            2,
            10
          ],
          "w": 1.25,
          "x": 10.75,
          "y": 2
        },
        {
          "label": "Left GUI",
          "matrix": [
            3,
            0
          ],
          "x": 0,
          "y": 3
        },
        {
          "label": "Left Alt",
          "matrix": [
            3,
            1
          ],
          "w": 1.25,
          "x": 1,
          "y": 3
        },
        {
          "matrix": [
            3,
            2
          ],
          "x": 2.25,
          "y": 3
        },
        {
          "label": "LT(1, KC_SPC)",
          "matrix": [
            3,
            3
          ],
          "w": 2.75,
          "x": 3.25,
          "y": 3
        },
        {
          "label": "LT(1, KC_BSPC)",
          "matrix": [
            3,
            6
          ],
          "w": 2.25,
          "x": 6,
          "y": 3
        },
        {
          "matrix": [
            3,
            7
          ],
          "x": 8.25,
          "y": 3
        },
        {
          "label": "Right Alt",
          "matrix": [
            3,
            8
          ],
          "w": 1.25,
          "x": 9.25,
          "y": 3
        },
        {
          "label": "Right GUI",
          "matrix": [
            3,
            9
          ],
          "w": 1.5,
          "x": 10.5,
          "y": 3
        }
      ]
    }
  },
  "caps_word": {
    "enabled": true,
    "double_tap_shift_turns_on": true
  },
  "matrix_size": {
    "rows": 4,
    "cols": 12
  }
}