{
  "name": "GPK60-33R",
  "vendorId": "0xFEED",
  "productId": "0x1420",
  "lighting": "qmk_rgblight",
  "matrix": { "rows": 5, "cols":  7 },
  "layouts": {
    "LAYOUT": {
        "layout": [{"label":"0,0", "x":1.25, "y":0}, {"label":"0,1", "x":2.25, "y":0}, {"label":"0,2", "x":3.25, "y":0}, {"label":"0,3", "x":4.25, "y":0}, {"label":"0,4", "x":5.25, "y":0}, {"label":"0,5", "x":6.25, "y":0}, {"label":"0,6", "x":7.25, "y":0}, {"label":"1,0", "x":8.25, "y":0}, {"label":"1,1", "x":9.25, "y":0}, {"label":"1,2", "x":10.25, "y":0}, {"label":"1,3", "x":11.5, "y":0, "w":1.25, "h":2}, {"label":"1,4", "x":1.5, "y":1}, {"label":"1.5", "x":2.5, "y":1}, {"label":"1,6", "x":3.5, "y":1}, {"label":"2,0", "x":4.5, "y":1}, {"label":"2,1", "x":5.5, "y":1}, {"label":"2,2", "x":6.5, "y":1}, {"label":"2,3", "x":7.5, "y":1}, {"label":"2,4", "x":8.5, "y":1}, {"label":"2,5", "x":9.5, "y":1}, {"label":"2,6", "x":10.5, "y":1}, {"label":"3,0", "x":0, "y":2, "w":2.25}, {"label":"3,1", "x":2.25, "y":2}, {"label":"3,2", "x":3.25, "y":2}, {"label":"3,3", "x":4.25, "y":2}, {"label":",3,4", "x":5.25, "y":2}, {"label":"3,5", "x":6.25, "y":2}, {"label":"3,6", "x":7.25, "y":2}, {"label":"4,0", "x":8.25, "y":2}, {"label":"4,1", "x":9.25, "y":2}, {"label":"4,2", "x":10.25, "y":2}, {"label":"4,3", "x":11.25, "y":2, "w":1.5}, {"label":"4,4", "x":23, "y":11, "w":1.25, "h":2}]
    }
  }
}