{
    "name": "Yamada Shozo",
    "vendorId": "0xFEED",
    "productId": "0x1522",
    "lighting": "vialrgb",
    "matrix": {
      "rows": 8,
      "cols": 9
    },
    "layouts": {
      "keymap": [
        [
          {
            "x": 1,
            "c": "#ffffff",
            "p": "DSA"
          },
          "0,0",
          "1,0",
          "2,0",
          "3,0",
          "4,0",
          "5,0",
          {
            "x": 0.5,
            "c": "#cccccc"
          },
          "6,0",
          "7,0",
          "0,1",
          "1,1",
          "2,1",
          {
            "c": "#ffffff"
          },
          "3,1",
          {
            "x": 0.5,
            "c": "#cccccc"
          },
          "4,1",
          "5,1",
          {
            "c": "#ffffff"
          },
          "6,1",
          "7,1",
          "0,2",
          "1,2"
        ],
        [
          {
            "x": 1,
            "c": "#eaeaea"
          },
          "2,2",
          "3,2",
          {
            "c": "#cccccc"
          },
          "4,2",
          "5,2",
          "6,2",
          "7,2",
          {
            "x": 0.5
          },
          "0,3",
          "1,3",
          "2,3",
          "3,3",
          {
            "c": "#eaeaea"
          },
          "4,3",
          "5,3",
          {
            "x": 0.5,
            "c": "#ffffff"
          },
          "6,3",
          "7,3",
          "0,4",
          "1,4",
          "2,4",
          {
            "c": "#cccccc"
          },
          "3,4"
        ],
        [
          {
            "x": 1,
            "c": "#eaeaea"
          },
          "4,4",
          "5,4",
          "6,4",
          "7,4",
          "0,5",
          {
            "c": "#ffffff"
          },
          "1,5",
          {
            "x": 7,
            "c": "#cccccc"
          },
          "2,5",
          "3,5",
          {
            "c": "#eaeaea"
          },
          "4,5",
          "5,5",
          "6,5",
          "7,5"
        ],
        [
          {
            "x": 2,
            "c": "#cccccc"
          },
          "0,6",
          {
            "c": "#ffffff"
          },
          "1,6",
          "2,6",
          {
            "c": "#eaeaea"
          },
          "3,6",
          {
            "c": "#ffffff"
          },
          "4,6",
          {
            "x": 7
          },
          "5,6",
          "6,6",
          {
            "c": "#cccccc"
          },
          "7,6",
          {
            "c": "#eaeaea"
          },
          "0,7",
          {
            "c": "#cccccc"
          },
          "1,7"
        ],
        [
          {
            "x": 4,
            "c": "#eaeaea"
          },
          "2,7",
          {
            "c": "#ffffff"
          },
          "3,7",
          {
            "c": "#eaeaea"
          },
          "4,7",
          {
            "c": "#ffffff"
          },
          "5,7",
          {
            "x": 1,
            "c": "#cccccc"
          },
          "0,0\n\n\n\n\n\n\n\n\ne",
          "6,8",
          "0,1\n\n\n\n\n\n\n\n\ne",
          {
            "x": 1
          },
          "6,7",
          "7,7",
          "0,8",
          "1,8"
        ],
        [
          {
            "x": 6
          },
          "2,8",
          "3,8",
          {
            "x": 5
          },
          "4,8",
          "5,8"
        ]
      ]
    }
  }