{
  "name": "GPK60-38R1RE",
  "vendorId": "0x7A79",
  "productId": "0x0000",
  "lighting": "none",
  "matrix": {
    "rows": 4,
    "cols": 12
  },
  "layouts": {
    "labels": [],
    "keymap": [
      [
        "0,0",
        "0,1",
        "0,2",
        "0,3",
        "0,4",
        "0,5",
        "0,6",
        "0,7",
        "0,8",
        "0,9",
        "0,10",
        "0,11"
      ],
      [
        {
          "w": 1.25
        },
        "1,0",
        "1,1",
        "1,2",
        "1,3",
        "1,4",
        "1,5",
        "1,6",
        "1,7",
        "1,8",
        "1,9",
        {
          "w": 1.75
        },
        "1,10"
      ],
      [
        {
          "w": 1.75
        },
        "2,0",
        "2,1",
        "2,2",
        "2,3",
        "2,4",
        "2,5",
        "2,6",
        "2,7",
        "2,8",
        "2,9",
        {
          "w": 1.25
        },
        "2,10"
      ],
      [
        {
          "y": 0.75,
          "x": 2.75,
          "w": 1.25
        },
        "3,0",
        {
          "w": 2.25
        },
        "3,1",
        {
          "w": 2.75
        },
        "3,2",
        {
          "w": 1.25
        },
        "3,3",
        {
          "x": 0.75
        },
        "3,4"
      ]
    ]
  }
}