{
  "keyboard_name": "Yamada65 Pro",
  "maintainer": "Daraku-Neko",
  "bootloader": "rp2040",
  "processor": "RP2040",
  "diode_direction": "COL2ROW",
  "features": {
      "audio": false,
      "backlight": false,
      "bootmagic": false,
      "command": false,
      "console": false,
      "encoder": false,
      "extrakey": true,
      "mousekey": true,
      "nkro": false,
      "oled": false,
      "rgblight": false,
      "wpm": false
  },
  "matrix_pins": {
      "cols": ["GP29", "GP28", "GP27", "GP26", "GP25", "GP24", "GP23", "GP22", "GP21", "GP20", "GP19", "GP18", "GP17", "GP16", "GP5"],
      "rows": ["GP4", "GP3", "GP2", "GP1", "GP0"]
  },
  "matrix_size": {
      "cols": 15,
      "rows": 5
  },
  "mouse_key": {
      "enabled": true
  },
  "url": ""
}