{
  "manufacturer": "Daraku-Neko",
  "keyboard_name": "NumNum WhiteBerry",
  "maintainer": "Daraku-Neko",
  "bootloader": "stm32-dfu",
  "diode_direction": "COL2ROW",
  "processor": "STM32L432",
	"features": {
		"console": false,
		"extrakey": true,
		"mousekey": true,
		"nkro": true,
		"rgb_matrix": true,
		"encoder_map": true
	},
  "ws2812": {
		"driver": "pwm",
		"pin": "B0"
	},
	"rgb_matrix": {
		"driver": "ws2812",
		"sleep": true,
		"timeout": 120000,
		"max_brightness": 160,
		"hue_steps": 4,
		"sat_steps": 4,
		"val_steps": 4,
		"speed_steps": 4,
		"default": {
			"animation": "solid_color"
		},
		"animations": {
      "solid_color": true,
      "alphas_mods": true,
			"gradient_up_down": true,
			"gradient_left_right": true,
			"breathing": true,
			"band_sat": true,
			"band_val": true,
			"band_pinwheel_sat": true,
			"band_pinwheel_val": true,
			"band_spiral_sat": true,
			"band_spiral_val": true,
			"cycle_all": true,
			"cycle_left_right": true,
			"cycle_up_down": true,
			"cycle_out_in": true,
			"cycle_out_in_dual": true,
			"rainbow_moving_chevron": true,
			"cycle_pinwheel": true,
			"cycle_spiral": true,
			"dual_beacon": true,
			"rainbow_beacon": true,
			"rainbow_pinwheels": true,
			"raindrops": true,
			"jellybean_raindrops": true,
			"hue_breathing": true,
			"hue_pendulum": true,
			"hue_wave": true,
			"pixel_fractal": true,
			"pixel_flow": true,
			"pixel_rain": true,
			"typing_heatmap": true,
			"digital_rain": true,
			"solid_reactive_simple": true,
			"solid_reactive": true,
			"solid_reactive_wide": true,
			"solid_reactive_multiwide": true,
			"solid_reactive_cross": true,
			"solid_reactive_multicross": true,
			"solid_reactive_nexus": true,
			"solid_reactive_multinexus": true,
			"splash": true,
			"multisplash": true,
			"solid_splash": true,
			"solid_multisplash": true,
      "starlight": true,
      "starlight_dual_sat": true,
      "starlight_dual_hue": true,
      "riverflow": true
		},
		"layout": [
			{"matrix": [0, 0], "x":  0, "y": 0, "flags": 4},
			{"matrix": [0, 1], "x": 20, "y": 0, "flags": 4},
			{"matrix": [0, 2], "x": 40, "y": 0, "flags": 4},
			{"matrix": [0, 3], "x": 60, "y": 0, "flags": 4},
			{"matrix": [0, 4], "x": 80, "y": 0, "flags": 4},
	 
			{"matrix": [1, 0], "x":  0, "y": 10, "flags": 4},
			{"matrix": [1, 1], "x": 20, "y": 10, "flags": 4},
			{"matrix": [1, 2], "x": 40, "y": 10, "flags": 4},
			{"matrix": [1, 3], "x": 60, "y": 10, "flags": 4},
			{"matrix": [1, 4], "x": 80, "y": 10, "flags": 4},
	
			{"matrix": [2, 0], "x":  0, "y": 20, "flags": 4},
			{"matrix": [2, 1], "x": 20, "y": 20, "flags": 4},
			{"matrix": [2, 2], "x": 40, "y": 20, "flags": 4},
			{"matrix": [2, 3], "x": 60, "y": 20, "flags": 4},
			{"matrix": [2, 4], "x": 80, "y": 20, "flags": 4},
			
			{"matrix": [3, 0], "x": 40, "y": 30, "flags": 4},
			{"matrix": [3, 4], "x": 80, "y": 20, "flags": 4}
		]
	},
	"dynamic_keymap": {
		"layer_count": 8
	},
  "matrix_pins": {
    "rows": [
      "B3",
      "B4",
      "B5",
      "B6"
    ],
    "cols": [
      "A0",
      "A1",
      "A2",
      "A3",
      "A4"
    ]
  },
	"encoder": {
		"enabled": true,
		"rotary": [
			{
				"pin_a": "A5",
				"pin_b": "A6"
			},{
				"pin_a": "A7",
				"pin_b": "A8"
			}
		]
	},
  "url": "",
  "usb": {
    "device_version": "1.0.0",
    "pid": "0x1556",
    "vid": "0x7A79"
  },
  "layouts": {
    "LAYOUT": {
      "layout": [
        {
          "label": "1",
          "matrix": [
            0,
            0
          ],
          "x": 0,
          "y": 0
        },
        {
          "label": "2",
          "matrix": [
            0,
            1
          ],
          "x": 1,
          "y": 0
        },
        {
          "label": "3",
          "matrix": [
            0,
            2
          ],
          "x": 2,
          "y": 0
        },
        {
          "label": "4",
          "matrix": [
            0,
            3
          ],
          "x": 3,
          "y": 0
        },
        {
          "label": "5",
          "matrix": [
            0,
            4
          ],
          "x": 4,
          "y": 0
        },
        {
          "label": "6",
          "matrix": [
            1,
            0
          ],
          "x": 0,
          "y": 1
        },
        {
          "label": "7",
          "matrix": [
            1,
            1
          ],
          "x": 1,
          "y": 1
        },
        {
          "label": "8",
          "matrix": [
            1,
            2
          ],
          "x": 2,
          "y": 1
        },
        {
          "label": "9",
          "matrix": [
            1,
            3
          ],
          "x": 3,
          "y": 1
        },
        {
          "label": "0",
          "matrix": [
            1,
            4
          ],
          "x": 4,
          "y": 1
        },
        {
          "label": "Left GUI",
          "matrix": [
            2,
            0
          ],
          "x": 0,
          "y": 2
        },
        {
          "label": "Left Shift",
          "matrix": [
            2,
            1
          ],
          "x": 1,
          "y": 2
        },
        {
          "label": "Left Alt",
          "matrix": [
            2,
            2
          ],
          "x": 2,
          "y": 2
        },
        {
          "label": "Backspace",
          "matrix": [
            2,
            3
          ],
          "x": 3,
          "y": 2
        },
        {
          "label": "Delete",
          "matrix": [
            2,
            4
          ],
          "x": 4,
          "y": 2
        },
        {
          "label": "KC_MPLY",
          "matrix": [
            3,
            0
          ],
          "x": 0,
          "y": 3
        },
        {
          "label": "KC_MPLY",
          "matrix": [
            3,
            4
          ],
          "x": 4,
          "y": 3
        }
      ]
    }
  },
  "matrix_size": {
    "rows": 4,
    "cols": 5
  }
}