{
  "manufacturer": "Daraku-Neko",
  "keyboard_name": "Trident40",
  "maintainer": "Daraku-Neko",
  "bootloader": "rp2040",
  "diode_direction": "COL2ROW",
  "features": {
		"command": false,
		"console": false,
		"extrakey": true,
		"mousekey": true,
		"nkro": true,
		"rgb_matrix": true
	},
	"tapping": {
    	"term": 150
  },
  "matrix_pins": {
    "rows": [
      "GP1",
      "GP2",
      "GP3",
      "GP4"
    ],
    "cols": [
      "GP5",
      "GP6",
      "GP7",
      "GP8",
      "GP9",
      "GP10",
      "GP11",
      "GP12",
      "GP13",
      "GP14",
      "GP15",
      "GP26"
    ]
  },
  "processor": "RP2040",
  "url": "",
  "usb": {
    "device_version": "1.0.0",
    "pid": "0x1535",
    "vid": "0x7A79"
  },
  "layouts": {
    "LAYOUT": {
      "layout": [
        {
          "label": "Esc",
          "matrix": [
            0,
            0
          ],
          "x": 0,
          "y": 0
        },
        {
          "label": "Q",
          "matrix": [
            0,
            1
          ],
          "x": 1,
          "y": 0
        },
        {
          "label": "W",
          "matrix": [
            0,
            2
          ],
          "x": 2,
          "y": 0
        },
        {
          "label": "E",
          "matrix": [
            0,
            3
          ],
          "x": 3,
          "y": 0
        },
        {
          "label": "R",
          "matrix": [
            0,
            4
          ],
          "x": 4,
          "y": 0
        },
        {
          "label": "T",
          "matrix": [
            0,
            5
          ],
          "x": 5,
          "y": 0
        },
        {
          "label": "Y",
          "matrix": [
            0,
            6
          ],
          "x": 6,
          "y": 0
        },
        {
          "label": "U",
          "matrix": [
            0,
            7
          ],
          "x": 7,
          "y": 0
        },
        {
          "label": "I",
          "matrix": [
            0,
            8
          ],
          "x": 8,
          "y": 0
        },
        {
          "label": "O",
          "matrix": [
            0,
            9
          ],
          "x": 9,
          "y": 0
        },
        {
          "label": "P",
          "matrix": [
            0,
            10
          ],
          "x": 10,
          "y": 0
        },
        {
          "label": "Backspace",
          "matrix": [
            0,
            11
          ],
          "x": 11,
          "y": 0
        },
        {
          "label": "MT(MOD_LCTL,KC_TAB)",
          "matrix": [
            1,
            0
          ],
          "w": 1.25,
          "x": 0,
          "y": 1
        },
        {
          "label": "A",
          "matrix": [
            1,
            1
          ],
          "x": 1.25,
          "y": 1
        },
        {
          "label": "S",
          "matrix": [
            1,
            2
          ],
          "x": 2.25,
          "y": 1
        },
        {
          "label": "D",
          "matrix": [
            1,
            3
          ],
          "x": 3.25,
          "y": 1
        },
        {
          "label": "F",
          "matrix": [
            1,
            4
          ],
          "x": 4.25,
          "y": 1
        },
        {
          "label": "G",
          "matrix": [
            1,
            5
          ],
          "x": 5.25,
          "y": 1
        },
        {
          "label": "H",
          "matrix": [
            1,
            6
          ],
          "x": 6.25,
          "y": 1
        },
        {
          "label": "J",
          "matrix": [
            1,
            7
          ],
          "x": 7.25,
          "y": 1
        },
        {
          "label": "K",
          "matrix": [
            1,
            8
          ],
          "x": 8.25,
          "y": 1
        },
        {
          "label": "L",
          "matrix": [
            1,
            9
          ],
          "x": 9.25,
          "y": 1
        },
        {
          "label": "Enter",
          "matrix": [
            1,
            10
          ],
          "w": 1.75,
          "x": 10.25,
          "y": 1
        },
        {
          "label": "Left Shift",
          "matrix": [
            2,
            0
          ],
          "w": 1.75,
          "x": 0,
          "y": 2
        },
        {
          "label": "Z",
          "matrix": [
            2,
            1
          ],
          "x": 1.75,
          "y": 2
        },
        {
          "label": "X",
          "matrix": [
            2,
            2
          ],
          "x": 2.75,
          "y": 2
        },
        {
          "label": "C",
          "matrix": [
            2,
            3
          ],
          "x": 3.75,
          "y": 2
        },
        {
          "label": "V",
          "matrix": [
            2,
            4
          ],
          "x": 4.75,
          "y": 2
        },
        {
          "label": "B",
          "matrix": [
            2,
            5
          ],
          "x": 5.75,
          "y": 2
        },
        {
          "label": "N",
          "matrix": [
            2,
            6
          ],
          "x": 6.75,
          "y": 2
        },
        {
          "label": "M",
          "matrix": [
            2,
            7
          ],
          "x": 7.75,
          "y": 2
        },
        {
          "label": ",",
          "matrix": [
            2,
            8
          ],
          "x": 8.75,
          "y": 2
        },
        {
          "label": ".",
          "matrix": [
            2,
            9
          ],
          "x": 9.75,
          "y": 2
        },
        {
          "label": "MT(MOD_LSFT, KC_SCLN)",
          "matrix": [
            2,
            10
          ],
          "w": 1.25,
          "x": 10.75,
          "y": 2
        },
        {
          "label": "Left GUI",
          "matrix": [
            3,
            0
          ],
          "x": 1.25,
          "y": 3
        },
        {
          "label": "Left Alt",
          "matrix": [
            3,
            1
          ],
          "w": 1.25,
          "x": 2.25,
          "y": 3
        },
        {
          "label": "LT(1, KC_SPC)",
          "matrix": [
            3,
            2
          ],
          "w": 2.25,
          "x": 3.5,
          "y": 3
        },
        {
          "label": "LT(1, KC_BSPC)",
          "matrix": [
            3,
            5
          ],
          "w": 2.75,
          "x": 5.75,
          "y": 3
        },
        {
          "label": "MO(2)",
          "matrix": [
            3,
            7
          ],
          "w": 1.25,
          "x": 8.5,
          "y": 3
        },
        {
          "label": "Right Alt",
          "matrix": [
            3,
            8
          ],
          "x": 9.75,
          "y": 3
        }
      ]
    }
  },
  "matrix_size": {
    "rows": 4,
    "cols": 12
  },
	"ws2812": {
		"driver": "vendor",
		"pin": "GP0"
	},
  "rgb_matrix": {
    "driver": "ws2812",
		"timeout": 120000,
		"max_brightness": 180,
		"hue_steps": 4,
		"sat_steps": 4,
		"val_steps": 4,
		"speed_steps": 4,
		"animations": {
			"alphas_mods": true,
			"gradient_up_down": true,
			"gradient_left_right": true,
			"breathing": true,
			"band_sat": true,
			"band_val": true,
			"band_pinwheel_sat": true,
			"band_pinwheel_val": true,
			"band_spiral_sat": true,
			"band_spiral_val": true,
			"cycle_all": true,
			"cycle_left_right": true,
			"cycle_up_down": true,
			"cycle_out_in": true,
			"cycle_out_in_dual": true,
			"rainbow_moving_chevron": true,
			"cycle_pinwheel": true,
			"cycle_spiral": true,
			"dual_beacon": true,
			"rainbow_beacon": true,
			"rainbow_pinwheels": true,
			"raindrops": true,
			"jellybean_raindrops": true,
			"hue_breathing": true,
			"hue_pendulum": true,
			"hue_wave": true,
			"pixel_fractal": true,
			"pixel_flow": true,
			"pixel_rain": true,
			"typing_heatmap": true,
			"digital_rain": true,
			"solid_reactive_simple": true,
			"solid_reactive": true,
			"solid_reactive_wide": true,
			"solid_reactive_multiwide": true,
			"solid_reactive_cross": true,
			"solid_reactive_multicross": true,
			"solid_reactive_nexus": true,
			"solid_reactive_multinexus": true,
			"splash": true,
			"multisplash": true,
			"solid_splash": true,
			"solid_multisplash": true,
			"starlight": true,
			"starlight_dual_sat": true,
			"starlight_dual_hue": true,
			"riverflow": true
		},
    "layout": [
      {"x": 0, "y": 0, "flags": 2},
      {"x": 20, "y": 0, "flags": 2},
      {"x": 41, "y": 0, "flags": 2},
      {"x": 61, "y": 0, "flags": 2},
      {"x": 81, "y": 0, "flags": 2},
      {"x": 102, "y": 0, "flags": 2},
      {"x": 122, "y": 0, "flags": 2},
      {"x": 143, "y": 0, "flags": 2},
      {"x": 163, "y": 0, "flags": 4},
      {"x": 183, "y": 0, "flags": 4},
      {"x": 204, "y": 0, "flags": 4},
      {"x": 224, "y": 0, "flags": 4},
      {"x": 5, "y": 21, "flags": 4},
      {"x": 25, "y": 21, "flags": 4},
      {"x": 46, "y": 21, "flags": 4},
      {"x": 66, "y": 21, "flags": 4},
      {"x": 87, "y": 21, "flags": 4},
      {"x": 107, "y": 21, "flags": 4},
      {"x": 127, "y": 21, "flags": 4},
      {"x": 148, "y": 21, "flags": 4},
      {"x": 168, "y": 21, "flags": 4},
      {"x": 188, "y": 21, "flags": 4},
      {"x": 224, "y": 21, "flags": 4},
      {"x": 15, "y": 43, "flags": 4},
      {"x": 36, "y": 43, "flags": 4},
      {"x": 56, "y": 43, "flags": 4},
      {"x": 76, "y": 43, "flags": 4},
      {"x": 97, "y": 43, "flags": 4},
      {"x": 117, "y": 43, "flags": 4},
      {"x": 137, "y": 43, "flags": 4},
      {"x": 158, "y": 43, "flags": 4},
      {"x": 178, "y": 43, "flags": 4},
      {"x": 199, "y": 43, "flags": 4},
      {"x": 224, "y": 43, "flags": 4},
      {"x": 25, "y": 64, "flags": 4},
      {"x": 46, "y": 64, "flags": 4},
      {"x": 102, "y": 64, "flags": 4},
      {"x": 148, "y": 64, "flags": 4},
      {"x": 168, "y": 64, "flags": 4},
      {"x": 193, "y": 64, "flags": 4}
    ]
  }
}
