{
    "keyboard_name": "GPK60-47RJ",
    "manufacturer": "Daraku-Neko",
    "bootloader": "rp2040",
    "processor": "RP2040",
    "diode_direction": "COL2ROW",
    "usb": {
        "device_version": "1.0.0",
        "pid": "0x1427",
        "vid": "0x7A79"
    },
    "features": {
        "audio": false,
        "backlight": false,
        "bootmagic": false,
        "command": false,
        "console": true,
        "encoder": false,
        "extrakey": true,
        "mousekey": true,
        "nkro": false,
        "oled": false,
		"rgb_matrix": true,
        "via": false,
        "wpm": false
    },
    "ws2812": {
        "driver": "vendor",
        "pin": "GP0"
      },
      "rgb_matrix": {
        "driver": "WS2812",
        "animations": {
            "alphas_mods": true,
            "gradient_up_down": true,
            "gradient_left_right": true,
            "breathing": true,
            "band_sat": true,
            "band_val": true,
            "band_pinwheel_sat": true,
            "band_pinwheel_val": true,
            "band_spiral_sat": true,
            "band_spiral_val": true,
            "cycle_all": true,
            "cycle_left_right": true,
            "cycle_up_down": true,
            "cycle_out_in": true,
            "cycle_out_in_dual": true,
            "rainbow_moving_chevron": true,
            "cycle_pinwheel": true,
            "cycle_spiral": true,
            "dual_beacon": true,
            "rainbow_beacon": true,
            "rainbow_pinwheels": true,
            "raindrops": true,
            "jellybean_raindrops": true,
            "hue_breathing": true,
            "hue_pendulum": true,
            "hue_wave": true,
            "pixel_fractal": true,
            "pixel_flow": true,
            "pixel_rain": true,
            "typing_heatmap": true,
            "digital_rain": true,
            "solid_reactive_simple": true,
            "solid_reactive": true,
            "solid_reactive_wide": true,
            "solid_reactive_multiwide": true,
            "solid_reactive_cross": true,
            "solid_reactive_multicross": true,
            "solid_reactive_nexus": true,
            "solid_reactive_multinexus": true,
            "splash": true,
            "multisplash": true,
            "solid_splash": true,
            "solid_multisplash": true
        }
    },
    "matrix_pins": {
        "cols": ["GP29", "GP28", "GP27", "GP26", "GP25", "GP24", "GP23", "GP22", "GP21", "GP20", "GP19", "GP18", "GP17", "GP16"],
        "rows": ["GP1", "GP2", "GP3", "GP4"]
    },
    "matrix_size": {
        "cols": 14,
        "rows": 4
    },
    "double_tap_shift_turns_on": true,
    "dynamic_keymap": {
      "layer_count": 6
    },
    "layouts": {
        "LAYOUT": {
          "layout": [
            {
              "label": "0,0",
              "matrix": [
                0,
                0
              ],
              "w": 1.5,
              "x": 0,
              "y": 0
            },
            {
              "label": "0,1",
              "matrix": [
                0,
                1
              ],
              "x": 1.5,
              "y": 0
            },
            {
              "label": "0,2",
              "matrix": [
                0,
                2
              ],
              "x": 2.5,
              "y": 0
            },
            {
              "label": "0,3",
              "matrix": [
                0,
                3
              ],
              "x": 3.5,
              "y": 0
            },
            {
              "label": "0,4",
              "matrix": [
                0,
                4
              ],
              "x": 4.5,
              "y": 0
            },
            {
              "label": "0,5",
              "matrix": [
                0,
                5
              ],
              "x": 5.5,
              "y": 0
            },
            {
              "label": "0,6",
              "matrix": [
                0,
                6
              ],
              "x": 6.5,
              "y": 0
            },
            {
              "label": "0,7",
              "matrix": [
                0,
                7
              ],
              "x": 7.5,
              "y": 0
            },
            {
              "label": "0,8",
              "matrix": [
                0,
                8
              ],
              "x": 8.5,
              "y": 0
            },
            {
              "label": "0,9",
              "matrix": [
                0,
                9
              ],
              "x": 9.5,
              "y": 0
            },
            {
              "label": "0,10",
              "matrix": [
                0,
                10
              ],
              "x": 10.5,
              "y": 0
            },
            {
              "label": "0,11",
              "matrix": [
                0,
                11
              ],
              "x": 11.5,
              "y": 0
            },
            {
              "label": "0,12",
              "matrix": [
                0,
                12
              ],
              "x": 12.5,
              "y": 0
            },
            {
              "label": "1,0",
              "matrix": [
                1,
                0
              ],
              "w": 1.75,
              "x": 0,
              "y": 1
            },
            {
              "label": "1,1",
              "matrix": [
                1,
                1
              ],
              "x": 1.75,
              "y": 1
            },
            {
              "label": "1,2",
              "matrix": [
                1,
                2
              ],
              "x": 2.75,
              "y": 1
            },
            {
              "label": "1,3",
              "matrix": [
                1,
                3
              ],
              "x": 3.75,
              "y": 1
            },
            {
              "label": "1,4",
              "matrix": [
                1,
                4
              ],
              "x": 4.75,
              "y": 1
            },
            {
              "label": "1,5",
              "matrix": [
                1,
                5
              ],
              "x": 5.75,
              "y": 1
            },
            {
              "label": "1,6",
              "matrix": [
                1,
                6
              ],
              "x": 6.75,
              "y": 1
            },
            {
              "label": "1,7",
              "matrix": [
                1,
                7
              ],
              "x": 7.75,
              "y": 1
            },
            {
              "label": "1,8",
              "matrix": [
                1,
                8
              ],
              "x": 8.75,
              "y": 1
            },
            {
              "label": "1,9",
              "matrix": [
                1,
                9
              ],
              "x": 9.75,
              "y": 1
            },
            {
              "label": "1,10",
              "matrix": [
                1,
                10
              ],
              "x": 10.75,
              "y": 1
            },
            {
              "label": "1,11",
              "matrix": [
                1,
                11
              ],
              "x": 11.75,
              "y": 1
            },
            {
              "label": "1,12",
              "matrix": [
                1,
                12
              ],
              "x": 12.75,
              "y": 1
            },
            {
                "h": 2,
                "label": "1,13",
                "matrix": [
                  1,
                  13
                ],
                "w": 1.25,
                "x": 13.75,
                "y": 0
              },
            {
              "label": "2,0",
              "matrix": [
                2,
                0
              ],
              "w": 2.25,
              "x": 0,
              "y": 2
            },
            {
              "label": "2,1",
              "matrix": [
                2,
                1
              ],
              "x": 2.25,
              "y": 2
            },
            {
              "label": "2,2",
              "matrix": [
                2,
                2
              ],
              "x": 3.25,
              "y": 2
            },
            {
              "label": "2,3",
              "matrix": [
                2,
                3
              ],
              "x": 4.25,
              "y": 2
            },
            {
              "label": "2,4",
              "matrix": [
                2,
                4
              ],
              "x": 5.25,
              "y": 2
            },
            {
              "label": "2,5",
              "matrix": [
                2,
                5
              ],
              "x": 6.25,
              "y": 2
            },
            {
              "label": "2,6",
              "matrix": [
                2,
                6
              ],
              "x": 7.25,
              "y": 2
            },
            {
              "label": "2,7",
              "matrix": [
                2,
                7
              ],
              "x": 8.25,
              "y": 2
            },
            {
              "label": "2,8",
              "matrix": [
                2,
                8
              ],
              "x": 9.25,
              "y": 2
            },
            {
              "label": "2,9",
              "matrix": [
                2,
                9
              ],
              "x": 10.25,
              "y": 2
            },
            {
              "label": "2,10",
              "matrix": [
                2,
                10
              ],
              "x": 11.25,
              "y": 2
            },
            {
              "label": "2,11",
              "matrix": [
                2,
                11
              ],
              "x": 12.25,
              "y": 2
            },
            {
              "label": "2,12",
              "matrix": [
                2,
                12
              ],
              "w": 1.75,
              "x": 13.25,
              "y": 2
            },
            {
              "label": "3,0",
              "matrix": [
                3,
                0
              ],
              "x": 2.5,
              "y": 3
            },
            {
              "label": "3,1",
              "matrix": [
                3,
                1
              ],
              "w": 1.25,
              "x": 3.5,
              "y": 3
            },
            {
              "label": "3,2",
              "matrix": [
                3,
                2
              ],
              "x": 4.75,
              "y": 3
            },
            {
              "label": "3,3",
              "matrix": [
                3,
                3
              ],
              "w": 2,
              "x": 5.75,
              "y": 3
            },
            {
              "label": "3,4",
              "matrix": [
                3,
                4
              ],
              "x": 7.75,
              "y": 3
            },
            {
              "label": "3,5",
              "matrix": [
                3,
                5
              ],
              "w": 1.25,
              "x": 8.75,
              "y": 3
            },
            {
              "label": "3,6",
              "matrix": [
                3,
                6
              ],
              "x": 10,
              "y": 3
            }
          ]
        }
    }
}