{
"keyboard_name": "Oyamada Alicia V2",
"manufacturer": "Daraku-Neko",
"maintainer": "Daraku-Neko",
"bootloader": "rp2040",
"processor": "RP2040",
"diode_direction": "COL2ROW",
  "usb": {
  "device_version": "1.0.0",
  "pid": "0x1557",
  "vid": "0x7A79"
},
"features": {
  "console": false,
  "extrakey": true,
  "mousekey": true,
  "rgb_matrix": true
},
"ws2812": {
  "driver": "vendor",
  "pin": "GP0"
},
"rgb_matrix": {
  "driver": "ws2812",
  "timeout": 120000,
  "max_brightness": 180,
  "hue_steps": 4,
  "sat_steps": 4,
  "val_steps": 4,
  "speed_steps": 4,
  "default": {
    "animation": "cycle_all"
  },
  "animations": {
    "alphas_mods": true,
    "gradient_up_down": true,
    "gradient_left_right": true,
    "breathing": true,
    "band_sat": true,
    "band_val": true,
    "band_pinwheel_sat": true,
    "band_pinwheel_val": true,
    "band_spiral_sat": true,
    "band_spiral_val": true,
    "cycle_all": true,
    "cycle_left_right": true,
    "cycle_up_down": true,
    "cycle_out_in": true,
    "cycle_out_in_dual": true,
    "rainbow_moving_chevron": true,
    "cycle_pinwheel": true,
    "cycle_spiral": true,
    "dual_beacon": true,
    "rainbow_beacon": true,
    "rainbow_pinwheels": true,
    "raindrops": true,
    "jellybean_raindrops": true,
    "hue_breathing": true,
    "hue_pendulum": true,
    "hue_wave": true,
    "pixel_fractal": false,
    "pixel_flow": true,
    "pixel_rain": true,
    "typing_heatmap": true,
    "digital_rain": true,
    "solid_reactive_simple": true,
    "solid_reactive": true,
    "solid_reactive_wide": true,
    "solid_reactive_multiwide": true,
    "solid_reactive_cross": true,
    "solid_reactive_multicross": true,
    "solid_reactive_nexus": true,
    "solid_reactive_multinexus": true,
    "splash": true,
    "multisplash": true,
    "solid_splash": true,
    "solid_multisplash": true,
    "starlight": true,
    "starlight_dual_sat": true,
    "starlight_dual_hue": true,
    "riverflow": true
  },
  "layout": [
    {"matrix": [0, 0], "x":  0, "y": 0, "flags": 4},
    {"matrix": [0, 1], "x": 20, "y": 0, "flags": 4},
    {"matrix": [0, 2], "x": 40, "y": 0, "flags": 4},
    {"matrix": [0, 3], "x": 60, "y": 0, "flags": 4},
    {"matrix": [0, 4], "x": 80, "y": 0, "flags": 4},
    {"matrix": [0, 5], "x": 100, "y": 0, "flags": 4},
    {"matrix": [0, 6], "x": 120, "y": 0, "flags": 4},
    {"matrix": [0, 7], "x": 140, "y": 0, "flags": 4},
    {"matrix": [0, 8], "x": 160, "y": 0, "flags": 4},
    {"matrix": [0, 9], "x": 180, "y": 0, "flags": 4},
    {"matrix": [0, 10], "x": 200, "y": 0, "flags": 4},
    {"matrix": [0, 11], "x": 220, "y": 0, "flags": 4},
    {"matrix": [0, 12], "x": 224, "y": 0, "flags": 4},

    {"matrix": [1, 0], "x":  0, "y": 10, "flags": 4},
    {"matrix": [1, 1], "x": 20, "y": 10, "flags": 4},
    {"matrix": [1, 2], "x": 40, "y": 10, "flags": 4},
    {"matrix": [1, 3], "x": 60, "y": 10, "flags": 4},
    {"matrix": [1, 4], "x": 80, "y": 10, "flags": 4},
    {"matrix": [1, 5], "x": 100, "y": 10, "flags": 4},
    {"matrix": [1, 6], "x": 120, "y": 10, "flags": 4},
    {"matrix": [1, 7], "x": 140, "y": 10, "flags": 4},
    {"matrix": [1, 8], "x": 160, "y": 10, "flags": 4},
    {"matrix": [1, 9], "x": 180, "y": 10, "flags": 4},
    {"matrix": [1, 10], "x": 200, "y": 10, "flags": 4},
    {"matrix": [1, 11], "x": 220, "y": 10, "flags": 4},
    {"matrix": [0, 12], "x": 224, "y": 10, "flags": 4},

    {"matrix": [2, 0], "x":  0, "y": 20, "flags": 4},
    {"matrix": [2, 1], "x": 20, "y": 20, "flags": 4},
    {"matrix": [2, 2], "x": 40, "y": 20, "flags": 4},
    {"matrix": [2, 3], "x": 60, "y": 20, "flags": 4},
    {"matrix": [2, 4], "x": 80, "y": 20, "flags": 4},
    {"matrix": [2, 5], "x": 100, "y": 20, "flags": 4},
    {"matrix": [2, 6], "x": 120, "y": 20, "flags": 4},
    {"matrix": [2, 7], "x": 140, "y": 20, "flags": 4},
    {"matrix": [2, 8], "x": 160, "y": 20, "flags": 4},
    {"matrix": [2, 9], "x": 180, "y": 20, "flags": 4},
    {"matrix": [2, 10], "x": 200, "y": 20, "flags": 4},
    {"matrix": [2, 11], "x": 224, "y": 20, "flags": 4},
    
    {"matrix": [3, 0], "x": 0, "y": 30, "flags": 4},
    {"matrix": [3, 1], "x": 40, "y": 30, "flags": 4},
    {"matrix": [3, 2], "x": 70, "y": 30, "flags": 4},
    {"matrix": [3, 3], "x": 100, "y": 30, "flags": 4},
    {"matrix": [3, 4], "x": 120, "y": 30, "flags": 4},
    {"matrix": [3, 5], "x": 150, "y": 30, "flags": 4},
    {"matrix": [3, 6], "x": 180, "y": 30, "flags": 4},
    {"matrix": [3, 7], "x": 200, "y": 30, "flags": 4}
  ]
},
  "matrix_pins": {
    "cols": ["GP5", "GP6", "GP7", "GP8", "GP9", "GP10", "GP11", "GP12", "GP13", "GP14", "GP15", "GP26", "GP27"],
    "rows": ["GP1", "GP2", "GP3", "GP4"]
  },
  "matrix_size": {
    "cols": 13,
    "rows": 4
  },
  "layouts": {
  "LAYOUT": {
    "layout": [
      {"label": "0,0", "matrix": [0,0], "x": 0, "y": 0},
      {"label": "0,1", "matrix": [0,1], "x": 1, "y": 0},
      {"label": "0,10", "matrix": [0,10], "x": 2, "y": 0},
      {"label": "0,11", "matrix": [0,11], "x": 3, "y": 0},
      {"label": "0,12", "matrix": [0,12], "x": 4, "y":  0},
      {"label": "1,0", "matrix": [1,0], "x": 0, "y": 1},
      {"label": "1,1", "matrix": [1,1], "x": 1, "y": 1},
      {"label": "1,10", "matrix": [1,10], "x": 2, "y": 1},
      {"label": "1,11", "matrix": [1,11], "x": 3, "y": 1},
      {"label": "1,12", "matrix": [1,12], "x": 4, "y": 1},
      {"label": "2,0", "matrix": [2,0], "x": 0, "y": 2},
      {"label": "2,1", "matrix": [2,1], "x": 1, "y": 2},
      {"label": "2,9", "matrix": [2, 9], "x": 2, "y": 2},
      {"label": "2,10", "matrix": [2,10], "x": 3, "y": 2},
      {"label": "2,11", "matrix": [2,11], "x": 4, "y": 2},
      {"label": "3,0", "matrix": [3,0], "x": 0, "y": 3},
      {"label": "3,11", "matrix": [3, 11], "x": 1, "y": 3},
      {"label": "0,2", "matrix": [0,2], "x": 5, "y": 0},
      {"label": "0,3", "matrix": [0,3], "x": 6, "y": 0},
      {"label": "0,4", "matrix": [0,4], "x": 7, "y": 0},
      {"label": "0,5", "matrix": [0,5], "x": 8, "y": 0},
      {"label": "1,2", "matrix": [1,2], "x": 5, "y": 1},
      {"label": "1,3", "matrix": [1,3], "x": 6, "y": 1},
      {"label": "1,4", "matrix": [1,4], "x": 7, "y": 1},
      {"label": "1,5", "matrix": [1,5], "x": 8, "y": 1},
      {"label": "2,2", "matrix": [2,2], "x": 1, "y": 2},
      {"label": "2,3", "matrix": [2,3], "x": 5, "y": 2},
      {"label": "2,4", "matrix": [2,4], "x": 6, "y": 2},
      {"label": "2,5", "matrix": [2,5], "x": 7, "y": 2},
      {"label": "3,2", "matrix": [3,2], "x": 8, "y": 2},
      {"label": "3,3", "matrix": [3,3], "x": 9, "y": 2},
      {"label": "3,5", "matrix": [3,5], "x": 10, "y": 2},
      {"label": "0,6", "matrix": [0,6], "x": 9, "y": 0},
      {"label": "0,7", "matrix": [0,7], "x": 10, "y": 0},
      {"label": "0,8", "matrix": [0,8], "x": 11, "y": 0},
      {"label": "0,9", "matrix": [0,9], "x": 12, "y": 0},
      {"label": "1,6", "matrix": [1,6], "x": 9, "y": 1},
      {"label": "1,7", "matrix": [1,7], "x": 10, "y": 1},
      {"label": "1,8", "matrix": [1,8], "x": 11, "y": 1},
      {"label": "1,9", "matrix": [1,9], "x": 12, "y": 1},
      {"label": "2,6", "matrix": [2,6], "x": 8, "y": 2},
      {"label": "2,7", "matrix": [2,7], "x": 9, "y": 2},
      {"label": "2,8", "matrix": [2,8], "x": 10, "y": 2},
      {"label": "3,6", "matrix": [3,6], "x": 6, "y": 3},
      {"label": "3,7", "matrix": [3,7], "x": 11, "y": 3},
      {"label": "3,8", "matrix": [3,8], "x": 12, "y": 3} 
    ]
  }
}
}
