{
	"name": "GPK60-46W",
	"vendorId": "0xFEED",
	"productId": "0x1418",
	"lighting": "none",
	"matrix": {
		"rows": 7,
		"cols": 7
	},
	"layouts": {
		"keymap": [
			[
				"0,0",
				"0,1",
				"0,2",
				"0,3",
				"0,4",
				"0,5",
				{
					"x": 3.5
				},
				"0,6",
				"1,0",
				"1,1",
				"1,2",
				"1,3",
				"1,4"
			],
			[
				"1,5",
				"1,6",
				"2,0",
				"2,1",
				"2,2",
				"2,3",
				{
					"x": 3.5
				},
				"2,4",
				"2,5",
				"2,6",
				"3,0",
				"3,1",
				"3,2"
			],
			[
				"3,3",
				"3,4",
				"3,5",
				"3,6",
				"4,0",
				"4,1",
				"4,2",
				{
					"x": 1.5
				},
				"4,3",
				"4,4",
				"4,5",
				"4,6",
				"5,0",
				"5,1",
				"5,2"
			],
			[
				{
					"x": 3
				},
				"5,3",
				"5,4",
				"5,5",
				"5,6",
				{
					"x": 1.5
				},
				"6,0",
				"6,1",
				"6,2",
				"6,3"
			]
		]
	}
}