{
  "manufacturer": "sporewoh",
  "keyboard_name": "kowgary16",
  "maintainer": "sporewoh",
  "bootloader": "caterina",
  "diode_direction": "COL2ROW",
  "features": {
    "bootmagic": true,
    "command": false,
    "console": false,
    "extrakey": true,
    "mousekey": true,
    "nkro": true
  },
  "matrix_pins": {
    "rows": [
      "F0",
      "F1",
      "F4",
      "F5"
    ],
    "cols": [
      "B5",
      "B4",
      "D7",
      "D6"
    ]
  },
  "encoder": {
		"enabled": true,
		"rotary": [
			{
				"pin_a": "D3",
				"pin_b": "D5"
			}
		]
	},
  "processor": "atmega32u4",
  "url": "",
  "usb": {
    "device_version": "1.0.0",
    "pid": "0x0004",
    "vid": "0xBEAF"
  },
  "dynamic_keymap": {
    "layer_count": 10
  },
  "layouts": {
    "LAYOUT_ortho_4x4": {
        "layout": [
          {
            "matrix": [
              0,
              0
            ],
            "x": 0,
            "y": 0
          },
          {
            "matrix": [
              0,
              1
            ],
            "x": 1,
            "y": 0
          },
          {
            "matrix": [
              0,
              2
            ],
            "x": 2,
            "y": 0
          },
          {
            "matrix": [
              0,
              3
            ],
            "x": 3,
            "y": 0
          },
          {
            "matrix": [
              1,
              0
            ],
            "x": 0,
            "y": 1
          },
          {
            "matrix": [
              1,
              1
            ],
            "x": 1,
            "y": 1
          },
          {
            "matrix": [
              1,
              2
            ],
            "x": 2,
            "y": 1
          },
          {
            "matrix": [
              1,
              3
            ],
            "x": 3,
            "y": 1
          },
          {
            "matrix": [
              2,
              0
            ],
            "x": 0,
            "y": 2
          },
          {
            "matrix": [
              2,
              1
            ],
            "x": 1,
            "y": 2
          },
          {
            "matrix": [
              2,
              2
            ],
            "x": 2,
            "y": 2
          },
          {
            "matrix": [
              2,
              3
            ],
            "x": 3,
            "y": 2
          },
          {
            "matrix": [
              3,
              0
            ],
            "x": 0,
            "y": 3
          },
          {
            "matrix": [
              3,
              1
            ],
            "x": 1,
            "y": 3
          },
          {
            "matrix": [
              3,
              2
            ],
            "x": 2,
            "y": 3
          },
          {
            "matrix": [
              3,
              3
            ],
            "x": 3,
            "y": 3
          }
        ]
    }
  },
  "matrix_size": {
    "rows": 4,
    "cols": 4
  }
}