{
	"name": "GPK60-47VC1RE",
	"vendorId": "0x7A79",
	"productId": "0x1427",
	"lighting": "vialrgb",
	"matrix": {
		"rows": 8,
		"cols": 7
	},
	"layouts": {
		"keymap": [
			[
				"0,0",
				"0,1",
				"0,2",
				"0,3",
				"0,4",
				"0,5",
				"0,6",
				"1,0",
				"1,1",
				"1,2",
				"1,3",
				"1,4",
				"1,5"
			],
			[
				{
					"w": 1.25
				},
				"1,6",
				"2,0",
				"2,1",
				"2,2",
				"2,3",
				"2,4",
				"2,5",
				"2,6",
				"3,0",
				"3,1",
				"3,2",
				{
					"w": 1.75
				},
				"3,3",
				{
					"x": 0.75
				},
				"7,0"
			],
			[
				{
					"w": 1.75
				},
				"3,4",
				"3,5",
				"3,6",
				"4,0",
				"4,1",
				"4,2",
				"4,3",
				"4,4",
				"4,5",
				"4,6",
				{
					"w": 1.25
				},
				"5,0",
				"5,1",
				{
					"x": 0.75
				},
				"6,5"
			],
			[
				{
					"w": 1.25
				},
				"5,2",
				"5,3",
				"5,4",
				"5,5",
				{
					"w": 1.75
				},
				"5,6",
				{
					"w": 2.75
				},
				"6,0",
				"6,1",
				"6,2",
				"6,3",
				{
					"w": 1.25
				},
				"6,4",
				{
					"x": 0.75
				},
				"7,1"
			]
		]
	}
}