{
  "name": "Num-Num Strawberry!!",
  "vendorId": "0xFEED",
  "productId": "0x1514",
  "lighting": "qmk_rgblight",
  "matrix": { "rows": 4, "cols":  4 },
  "layouts": {
    "LAYOUT": {
        "layout": [{"label":"0,0", "x":0, "y":0}, {"label":"0,1", "x":1, "y":0}, {"label":"0,2", "x":2, "y":0}, {"label":"0,3", "x":3, "y":0}, {"label":"1,0", "x":4, "y":0}, {"label":"1,1", "x":0, "y":1}, {"label":"1,2", "x":1, "y":1}, {"label":"1,3", "x":2, "y":1}, {"label":"2,0", "x":3, "y":1}, {"label":"2,1", "x":4, "y":1}, {"label":"2,2", "x":0, "y":2.25}, {"label":"2,3", "x":1, "y":2.25}, {"label":"3,0", "x":2, "y":2.25}, {"label":"3,1", "x":3, "y":2.25}, {"label":"3,2", "x":4, "y":2.25}]
    }
  }
}