{
  "manufacturer": "Daraku-Neko",
  "keyboard_name": "GPK60-33R",
  "maintainer": "Daraku-Neko",
  "bootloader": "caterina",
  "diode_direction": "COL2ROW",
  "features": {
    "bootmagic": true,
    "command": false,
    "console": false,
    "extrakey": true,
    "mousekey": true,
    "nkro": true,
    "rgblight": true
  },
  "ws2812": {
		"pin": "D3"
	},
  "rgblight": {
    "led_count": 11,
    "sleep": true,
    "animations": {
      "alternating": false,
      "breathing": false,
      "christmas": false,
      "knight": false,
      "rainbow_mood": false,
      "rainbow_swirl": false,
      "rgb_test": false,
      "snake": false,
      "static_gradient": false,
      "twinkle": false
    }
  },
  "matrix_pins": {
    "rows": [
      "F4", "F5", "F6", "F7", "B1"
    ],
    "cols": [
      "D0", "D4", "C6", "D7", "E6", "B4", "B5"
    ]
  },
  "processor": "atmega32u4",
  "url": "",
  "usb": {
    "device_version": "1.0.0",
    "pid": "0x1420",
    "vid": "0xFEED"
  },
  "layouts": {
    "LAYOUT": {
      "layout": [
        {
          "matrix": [
            0,
            0
          ],
          "x": 1.25,
          "y": 0
        },
        {
          "matrix": [
            0,
            1
          ],
          "x": 2.25,
          "y": 0
        },
        {
          "matrix": [
            0,
            2
          ],
          "x": 3.25,
          "y": 0
        },
        {
          "matrix": [
            0,
            3
          ],
          "x": 4.25,
          "y": 0
        },
        {
          "matrix": [
            0,
            4
          ],
          "x": 5.25,
          "y": 0
        },
        {
          "matrix": [
            0,
            5
          ],
          "x": 6.25,
          "y": 0
        },
        {
          "matrix": [
            0,
            6
          ],
          "x": 7.25,
          "y": 0
        },
        {
          "matrix": [
            1,
            0
          ],
          "x": 8.25,
          "y": 0
        },
        {
          "matrix": [
            1,
            1
          ],
          "x": 9.25,
          "y": 0
        },
        {
          "matrix": [
            1,
            2
          ],
          "x": 10.25,
          "y": 0
        },
        {
          "h": 2,
          "matrix": [
            1,
            3
          ],
          "w": 1.25,
          "x": 11.5,
          "y": 0
        },
        {
          "matrix": [
            1,
            5
          ],
          "x": 1.5,
          "y": 1
        },
        {
          "matrix": [
            1,
            6
          ],
          "x": 2.5,
          "y": 1
        },
        {
          "matrix": [
            2,
            0
          ],
          "x": 3.5,
          "y": 1
        },
        {
          "matrix": [
            2,
            1
          ],
          "x": 4.5,
          "y": 1
        },
        {
          "matrix": [
            2,
            2
          ],
          "x": 5.5,
          "y": 1
        },
        {
          "matrix": [
            2,
            3
          ],
          "x": 6.5,
          "y": 1
        },
        {
          "matrix": [
            2,
            4
          ],
          "x": 7.5,
          "y": 1
        },
        {
          "matrix": [
            2,
            5
          ],
          "x": 8.5,
          "y": 1
        },
        {
          "matrix": [
            2,
            6
          ],
          "x": 9.5,
          "y": 1
        },
        {
          "matrix": [
            3,
            0
          ],
          "x": 10.5,
          "y": 1
        },
        {
          "matrix": [
            3,
            1
          ],
          "w": 2.25,
          "x": 0,
          "y": 2
        },
        {
          "matrix": [
            3,
            2
          ],
          "x": 2.25,
          "y": 2
        },
        {
          "matrix": [
            3,
            3
          ],
          "x": 3.25,
          "y": 2
        },
        {
          "matrix": [
            3,
            4
          ],
          "x": 4.25,
          "y": 2
        },
        {
          "matrix": [
            3,
            5
          ],
          "x": 5.25,
          "y": 2
        },
        {
          "matrix": [
            3,
            6
          ],
          "x": 6.25,
          "y": 2
        },
        {
          "matrix": [
            4,
            0
          ],
          "x": 7.25,
          "y": 2
        },
        {
          "matrix": [
            4,
            1
          ],
          "x": 8.25,
          "y": 2
        },
        {
          "matrix": [
            4,
            2
          ],
          "x": 9.25,
          "y": 2
        },
        {
          "matrix": [
            4,
            3
          ],
          "x": 10.25,
          "y": 2
        },
        {
          "matrix": [
            4,
            4
          ],
          "w": 1.5,
          "x": 11.25,
          "y": 2
        },
        {
          "h": 2,
          "matrix": [
            1,
            4
          ],
          "w": 1.25,
          "x": 47.25,
          "y": 18
        }
      ]
    }
  },
  "matrix_size": {
    "rows": 5,
    "cols": 7
  }
}