{
	"manufacturer": "Daraku-Neko",
	"keyboard_name": "NumNum Bento MAX",
	"maintainer": "Daraku-Neko",
	"bootloader": "rp2040",
	"diode_direction": "COL2ROW",
	"processor": "RP2040",
	"usb": {
		"device_version": "1.0.0",
		"pid": "0x1561",
		"vid": "0x7A79"
	},
	"features": {
		"console": false,
		"extrakey": true,
		"mousekey": true,
		"rgb_matrix": true,
		"haptic": true,
		"encoder_map": true
	},
	"tapping": {
    	"term": 150
  	},
	"ws2812": {
		"driver": "vendor",
		"pin": "GP0"
	},
	"haptic": {
		"driver": "drv2605l"
	},
	"rgb_matrix": {
		"driver": "ws2812",
		"timeout": 120000,
		"sleep": true,
		"hue_steps": 4,
		"sat_steps": 4,
		"val_steps": 4,
		"speed_steps": 4,
		"default": {
			"animation": "solid_color"
		},
		"animations": {
			"alphas_mods": true,
			"gradient_up_down": true,
			"gradient_left_right": true,
			"breathing": true,
			"band_sat": true,
			"band_val": true,
			"band_pinwheel_sat": true,
			"band_pinwheel_val": true,
			"band_spiral_sat": true,
			"band_spiral_val": true,
			"cycle_all": true,
			"cycle_left_right": true,
			"cycle_up_down": true,
			"cycle_out_in": true,
			"cycle_out_in_dual": true,
			"rainbow_moving_chevron": true,
			"cycle_pinwheel": true,
			"cycle_spiral": true,
			"dual_beacon": true,
			"rainbow_beacon": true,
			"rainbow_pinwheels": true,
			"raindrops": true,
			"jellybean_raindrops": true,
			"hue_breathing": true,
			"hue_pendulum": true,
			"hue_wave": true,
			"pixel_fractal": true,
			"pixel_flow": true,
			"pixel_rain": true,
			"typing_heatmap": true,
			"digital_rain": true,
			"solid_color": true,
			"solid_reactive_simple": true,
			"solid_reactive": true,
			"solid_reactive_wide": true,
			"solid_reactive_multiwide": true,
			"solid_reactive_cross": true,
			"solid_reactive_multicross": true,
			"solid_reactive_nexus": true,
			"solid_reactive_multinexus": true,
			"splash": true,
			"multisplash": true,
			"solid_splash": true,
			"solid_multisplash": true,
      		"starlight": true,
      		"starlight_dual_sat": true,
      		"starlight_dual_hue": true,
      		"riverflow": true
		},
		"layout": [
			{"matrix": [0, 5], "x": 224, "y": 0, "flags": 2},
			{"matrix": [0, 7], "x": 224, "y": 20, "flags": 2},
			{"matrix": [0, 8], "x": 224, "y": 30, "flags": 2},
			
			{"matrix": [1, 5], "x":  0, "y": 0, "flags": 4},
			{"matrix": [1, 6], "x": 60, "y": 0, "flags": 4},
			{"matrix": [1, 7], "x": 120, "y": 0, "flags": 4},
			{"matrix": [1, 8], "x": 180, "y": 0, "flags": 4},
			{"matrix": [1, 9], "x": 220 , "y": 0, "flags": 4},

			{"matrix": [2, 5], "x":  0, "y": 10, "flags": 4},
			{"matrix": [2, 6], "x": 60, "y": 10, "flags": 4},
			{"matrix": [2, 7], "x": 120, "y": 10, "flags": 4},
			{"matrix": [2, 8], "x": 180, "y": 10, "flags": 4},
			{"matrix": [2, 9], "x": 220, "y": 10, "flags": 4}
		]
	},
	"dynamic_keymap": {
		"layer_count": 9
	},
	"matrix_pins": {
		"rows": [
			"GP1",
			"GP4",
			"GP5",
			"GP17",
			"GP18",
			"GP19",
			"GP20"
		],
		"cols": [
			"GP8",
			"GP9",
			"GP10",
			"GP11",
			"GP12",
			"GP13",
			"GP14",
			"GP15",
			"GP26",
			"GP27" 
		]
	},
	"encoder": {
		"enabled": true,
		"rotary": [
			{
				"pin_a": "GP28",
				"pin_b": "GP29",
				"resolution": 2
			}
		]
	},
	"layouts": {
		"LAYOUT": {
			"layout": [
				{ "matrix": [1,5], "x": 5, "y": 1 },
				{ "matrix": [1,6], "x": 6, "y": 1 },
				{ "matrix": [1,7], "x": 7, "y": 1 },
				{ "matrix": [1,8], "x": 8, "y": 1 },
				{ "matrix": [1,9], "x": 9, "y": 1 },
				
				{ "matrix": [2,5], "x": 5, "y": 2 },
				{ "matrix": [2,6], "x": 6, "y": 2 },
				{ "matrix": [2,7], "x": 7, "y": 2 },
				{ "matrix": [2,8], "x": 8, "y": 2 },
				{ "matrix": [2,9], "x": 9, "y": 2 },

				{ "matrix": [0,0], "x": 0, "y": 0 },
				{ "matrix": [0,1], "x": 1, "y": 0 },
				{ "matrix": [0,2], "x": 2, "y": 0 },
				{ "matrix": [0,3], "x": 3, "y": 0 },
				{ "matrix": [1,0], "x": 4, "y": 0 },

				{ "matrix": [0,5], "x": 5, "y": 0 },
				{ "matrix": [0,6], "x": 6, "y": 0 },
				{ "matrix": [0,7], "x": 7, "y": 0 },
				{ "matrix": [0,8], "x": 8, "y": 0 },

				{ "matrix": [3,0], "x": 0, "y": 3 },
				{ "matrix": [3,1], "x": 1, "y": 3 },
				{ "matrix": [3,2], "x": 2, "y": 3 },
				{ "matrix": [3,3], "x": 3, "y": 3 },
				{ "matrix": [3,4], "x": 4, "y": 3 },
				{ "matrix": [3,5], "x": 5, "y": 3 },

				{ "matrix": [4,0], "x": 0, "y": 4 },
				{ "matrix": [4,1], "x": 1, "y": 4 },
				{ "matrix": [4,2], "x": 2, "y": 4 },
				{ "matrix": [4,3], "x": 3, "y": 4 },
				{ "matrix": [4,4], "x": 4, "y": 4 },
				{ "matrix": [4,5], "x": 5, "y": 4 },
				
				{ "matrix": [5,0], "x": 0, "y": 5 },
				{ "matrix": [5,1], "x": 1, "y": 5 },
				{ "matrix": [5,2], "x": 2, "y": 5 },
				{ "matrix": [5,3], "x": 3, "y": 5 },
				{ "matrix": [5,4], "x": 4, "y": 5 },
				{ "matrix": [5,5], "x": 5, "y": 5 },

				{ "matrix": [6,0], "x": 0, "y": 5 },
				{ "matrix": [6,1], "x": 1, "y": 5 },
				{ "matrix": [6,2], "x": 2, "y": 5 },
				{ "matrix": [6,3], "x": 3, "y": 5 },
				{ "matrix": [6,4], "x": 4, "y": 5 },
				{ "matrix": [6,5], "x": 5, "y": 5 }
			]
		}
	},
  	"matrix_size": {
		"cols": 10,
		"rows": 7
	}
}