{
    "name": "soroban9999",
    "vendorId": "0x4649",
    "productId": "0x0723",
    "lighting": "qmk_rgblight",
    "matrix": { "rows": 8, "cols": 4 },
    "layouts": {
        "keymap": [
            ["3,0","3,1","3,2","3,3"],
            ["7,0","7,1","7,2","7,3"],
            [{"y":0.25},"0,0","0,1","0,2","0,3"],
            [{"y":0.25},"1,0","1,1","1,2","1,3"],
            ["2,0","2,1","2,2","2,3"],
            ["4,0","4,1","4,2","4,3"],
            ["5,0","5,1","5,2","5,3"]
        ]
    }
}
