{
    "keyboard_name": "lain",
    "manufacturer": "Dm9Records",
    "url": "https://5z6p.com/lain",
    "maintainer": "hsgw",
    "usb": {
        "vid": "0x04D8",
        "pid": "0xE8F4",
        "device_version": "0.0.1"
    },
    "matrix_pins": {
        "cols": ["C7", "F7", "F6", "F5", "F4", "F1", "F0", "B3", "B2", "B1", "D2", "D3", "D5"],
        "rows": ["C6", "D7", "D6", "D4"]
    },
    "diode_direction": "COL2ROW",
    "processor": "atmega32u4",
    "bootloader": "atmel-dfu",
    "layouts": {
        "LAYOUT": {
            "layout": [
                {"matrix": [0, 0], "x": 0, "y": 0},
                {"matrix": [0, 1], "x": 1, "y": 0},
                {"matrix": [0, 2], "x": 2, "y": 0},
                {"matrix": [0, 3], "x": 3, "y": 0},
                {"matrix": [0, 4], "x": 4, "y": 0},
                {"matrix": [0, 5], "x": 5, "y": 0},
                {"matrix": [0, 6], "x": 6, "y": 0},

                {"matrix": [0, 7], "x": 8.5, "y": 0},
                {"matrix": [0, 8], "x": 9.5, "y": 0},
                {"matrix": [0, 9], "x": 10.5, "y": 0},
                {"matrix": [0, 10], "x": 11.5, "y": 0},
                {"matrix": [0, 11], "x": 12.5, "y": 0},
                {"matrix": [0, 12], "x": 13.5, "y": 0, "w": 1.5},

                {"matrix": [1, 0], "x": 0.25, "y": 1},
                {"matrix": [1, 1], "x": 1.25, "y": 1},
                {"matrix": [1, 2], "x": 2.25, "y": 1},
                {"matrix": [1, 3], "x": 3.25, "y": 1},
                {"matrix": [1, 4], "x": 4.25, "y": 1},
                {"matrix": [1, 5], "x": 5.25, "y": 1},
                {"matrix": [1, 6], "x": 6.25, "y": 1},

                {"matrix": [1, 7], "x": 8.75, "y": 1},
                {"matrix": [1, 8], "x": 9.75, "y": 1},
                {"matrix": [1, 9], "x": 10.75, "y": 1},
                {"matrix": [1, 10], "x": 11.75, "y": 1},
                {"matrix": [1, 11], "x": 12.75, "y": 1},
                {"matrix": [1, 12], "x": 13.75, "y": 1},

                {"matrix": [2, 0], "x": 0.5, "y": 2, "w": 1.25},
                {"matrix": [2, 1], "x": 1.75, "y": 2},
                {"matrix": [2, 2], "x": 2.75, "y": 2},
                {"matrix": [2, 3], "x": 3.75, "y": 2},
                {"matrix": [2, 4], "x": 4.75, "y": 2},
                {"matrix": [2, 5], "x": 5.75, "y": 2},

                {"matrix": [2, 7], "x": 8.25, "y": 2},
                {"matrix": [2, 8], "x": 9.25, "y": 2},
                {"matrix": [2, 9], "x": 10.25, "y": 2},
                {"matrix": [2, 10], "x": 11.25, "y": 2},
                {"matrix": [2, 11], "x": 12.25, "y": 2},
                {"matrix": [2, 12], "x": 13.25, "y": 2, "w": 1.25},

                {"matrix": [3, 1], "x": 1, "y": 3, "w": 1.75},
                {"matrix": [3, 2], "x": 2.75, "y": 3, "w": 1.25},
                {"matrix": [3, 3], "x": 4, "y": 3},
                {"matrix": [3, 4], "x": 5, "y": 3, "w": 1.25},
                {"matrix": [3, 5], "x": 6.25, "y": 3},

                {"matrix": [3, 7], "x": 7.75, "y": 3},
                {"matrix": [3, 8], "x": 8.75, "y": 3, "w": 1.25},
                {"matrix": [3, 9], "x": 10, "y": 3},
                {"matrix": [3, 10], "x": 11, "y": 3},
                {"matrix": [3, 11], "x": 12, "y": 3},
                {"matrix": [3, 12], "x": 13, "y": 3, "w": 1.25}
            ]
        }
    }
}
