{
  "name": "Yamada67 AN",
  "vendorId": "0xFEED",
  "productId": "0x1532",
  "lighting": "none",
  "matrix": {
    "rows": 5,
    "cols": 14
  },
  "layouts": {
    "labels": [],
    "keymap": [
      [
        "0,0",
        "0,1",
        "0,2",
        "0,3",
        "0,4",
        "0,5",
        "0,6",
        "0,7",
        "0,8",
        "0,9",
        "0,10",
        "0,11",
        "0,12",
        {
          "w": 2
        },
        "0,13",
        {
          "x": 0.75
        },
        "4,12"
      ],
      [
        {
          "w": 1.5
        },
        "1,0",
        "1,1",
        "1,2",
        "1,3",
        "1,4",
        "1,5",
        "1,6",
        "1,7",
        "1,8",
        "1,9",
        "1,10",
        "1,11",
        "1,12",
        {
          "w": 1.5
        },
        "1,13",
        {
          "x": 0.75
        },
        "4,11"
      ],
      [
        {
          "w": 1.75
        },
        "2,0",
        "2,1",
        "2,2",
        "2,3",
        "2,4",
        "2,5",
        "2,6",
        "2,7",
        "2,8",
        "2,9",
        "2,10",
        "2,11",
        {
          "w": 2.25
        },
        "2,12",
        {
          "x": 0.75
        },
        "4,10"
      ],
      [
        {
          "w": 2.25
        },
        "3,0",
        "3,1",
        "3,2",
        "3,3",
        "3,4",
        "3,5",
        "3,6",
        "3,7",
        "3,8",
        "3,9",
        "3,10",
        {
          "w": 1.75
        },
        "3,11"
      ],
      [
        {
          "y": -0.75,
          "x": 14.75
        },
        "3,12"
      ],
      [
        {
          "y": -0.25,
          "w": 1.25
        },
        "4,0",
        {
          "w": 1.25
        },
        "4,1",
        "4,2",
        {
          "w": 6.25
        },
        "4,3",
        "4,4",
        {
          "w": 1.25
        },
        "4,5",
        {
          "w": 1.25
        },
        "4,6"
      ],
      [
        {
          "y": -0.75,
          "x": 13.75
        },
        "4,7",
        "4,8",
        "4,9"
      ]
    ]
  }
}