{
  "manufacturer": "Daraku-Neko",
  "keyboard_name": "Javelin85",
  "maintainer": "Daraku-Neko",
  "bootloader": "stm32-dfu",
  "processor": "STM32F072",
  "diode_direction": "COL2ROW",
  "features": {
    "bootmagic": true,
    "command": false,
    "console": false,
    "extrakey": true,
    "mousekey": true,
    "nkro": false,
    "rgb_matrix": true
  },
  "ws2812": {
		"pin": "B0"
	},
  "rgb_matrix": {
		"driver": "ws2812",
		"timeout": 120000,
    "max_brightness": 180,
		"hue_steps": 4,
		"sat_steps": 4,
		"val_steps": 4,
		"speed_steps": 4,
		"animations": {
			"alphas_mods": true,
			"gradient_up_down": true,
			"gradient_left_right": true,
			"breathing": true,
			"band_sat": true,
			"band_val": true,
			"band_pinwheel_sat": true,
			"band_pinwheel_val": true,
			"band_spiral_sat": true,
			"band_spiral_val": true,
			"cycle_all": true,
			"cycle_left_right": true,
			"cycle_up_down": true,
			"cycle_out_in": true,
			"cycle_out_in_dual": true,
			"rainbow_moving_chevron": true,
			"cycle_pinwheel": true,
			"cycle_spiral": true,
			"dual_beacon": true,
			"rainbow_beacon": true,
			"rainbow_pinwheels": true,
			"raindrops": true,
			"jellybean_raindrops": true,
			"hue_breathing": true,
			"hue_pendulum": true,
			"hue_wave": true,
			"pixel_fractal": true,
			"pixel_flow": true,
			"pixel_rain": true,
			"typing_heatmap": true,
			"digital_rain": true,
			"solid_reactive_simple": true,
			"solid_reactive": true,
			"solid_reactive_wide": true,
			"solid_reactive_multiwide": true,
			"solid_reactive_cross": true,
			"solid_reactive_multicross": true,
			"solid_reactive_nexus": true,
			"solid_reactive_multinexus": true,
			"splash": true,
			"multisplash": true,
			"solid_splash": true,
			"solid_multisplash": true,
      "starlight": true,
      "starlight_dual_sat": true,
      "starlight_dual_hue": true,
      "riverflow": true
		},
    "layout": [
      {"matrix": [0, 0], "x":  0, "y": 0, "flags": 4},
			{"matrix": [0, 1], "x": 14, "y": 0, "flags": 4},
			{"matrix": [0, 2], "x": 28, "y": 0, "flags": 4},
			{"matrix": [0, 3], "x": 42, "y": 0, "flags": 4},
			{"matrix": [0, 4], "x": 56, "y": 0, "flags": 4},
			{"matrix": [0, 5], "x": 70, "y": 0, "flags": 4},
			{"matrix": [0, 6], "x": 84, "y": 0, "flags": 4},
			{"matrix": [0, 7], "x": 98, "y": 0, "flags": 4},
			{"matrix": [0, 8], "x": 112, "y": 0, "flags": 4},
			{"matrix": [0, 9], "x": 126, "y": 0, "flags": 4},
      {"matrix": [0, 10], "x": 140, "y": 0, "flags": 4},
			{"matrix": [0, 11], "x": 154, "y": 0, "flags": 4},
			{"matrix": [0, 12], "x": 168, "y": 0, "flags": 4},
			{"matrix": [0, 13], "x": 182, "y": 0, "flags": 4},
			{"matrix": [0, 14], "x": 196, "y": 0, "flags": 4},
			{"matrix": [0, 15], "x": 224, "y": 0, "flags": 4},

      {"matrix": [1, 0], "x":  0, "y": 10, "flags": 4},
			{"matrix": [1, 1], "x": 14, "y": 10, "flags": 4},
			{"matrix": [1, 2], "x": 28, "y": 10, "flags": 4},
			{"matrix": [1, 3], "x": 42, "y": 10, "flags": 4},
			{"matrix": [1, 4], "x": 56, "y": 10, "flags": 4},
			{"matrix": [1, 5], "x": 70, "y": 10, "flags": 4},
			{"matrix": [1, 6], "x": 84, "y": 10, "flags": 4},
			{"matrix": [1, 7], "x": 98, "y": 10, "flags": 4},
			{"matrix": [1, 8], "x": 112, "y": 10, "flags": 4},
			{"matrix": [1, 9], "x": 126, "y": 10, "flags": 4},
      {"matrix": [1, 10], "x": 140, "y": 10, "flags": 4},
			{"matrix": [1, 11], "x": 154, "y": 10, "flags": 4},
			{"matrix": [1, 12], "x": 168, "y": 10, "flags": 4},
			{"matrix": [1, 13], "x": 182, "y": 10, "flags": 4},
			{"matrix": [1, 15], "x": 224, "y": 10, "flags": 4},

      {"matrix": [2, 0], "x":  0, "y": 20, "flags": 4},
			{"matrix": [2, 1], "x": 14, "y": 20, "flags": 4},
			{"matrix": [2, 2], "x": 28, "y": 20, "flags": 4},
			{"matrix": [2, 3], "x": 42, "y": 20, "flags": 4},
			{"matrix": [2, 4], "x": 56, "y": 20, "flags": 4},
			{"matrix": [2, 5], "x": 70, "y": 20, "flags": 4},
			{"matrix": [2, 6], "x": 84, "y": 20, "flags": 4},
			{"matrix": [2, 7], "x": 98, "y": 20, "flags": 4},
			{"matrix": [2, 8], "x": 112, "y": 20, "flags": 4},
			{"matrix": [2, 9], "x": 126, "y": 20, "flags": 4},
      {"matrix": [2, 10], "x": 140, "y": 20, "flags": 4},
			{"matrix": [2, 11], "x": 154, "y": 20, "flags": 4},
			{"matrix": [2, 12], "x": 168, "y": 20, "flags": 4},
			{"matrix": [2, 13], "x": 182, "y": 20, "flags": 4},
			{"matrix": [2, 15], "x": 224, "y": 20, "flags": 4},

      {"matrix": [3, 0], "x":  0, "y": 30, "flags": 4},
			{"matrix": [3, 1], "x": 14, "y": 30, "flags": 4},
			{"matrix": [3, 2], "x": 28, "y": 30, "flags": 4},
			{"matrix": [3, 3], "x": 42, "y": 30, "flags": 4},
			{"matrix": [3, 4], "x": 56, "y": 30, "flags": 4},
			{"matrix": [3, 5], "x": 70, "y": 30, "flags": 4},
			{"matrix": [3, 6], "x": 84, "y": 30, "flags": 4},
			{"matrix": [3, 7], "x": 98, "y": 30, "flags": 4},
			{"matrix": [3, 8], "x": 112, "y": 30, "flags": 4},
			{"matrix": [3, 9], "x": 126, "y": 30, "flags": 4},
      {"matrix": [3, 10], "x": 140, "y": 30, "flags": 4},
			{"matrix": [3, 11], "x": 154, "y": 30, "flags": 4},
			{"matrix": [3, 12], "x": 168, "y": 30, "flags": 4},
			{"matrix": [3, 15], "x": 224, "y": 30, "flags": 4},

      {"matrix": [4, 0], "x":  0, "y": 40, "flags": 4},
			{"matrix": [4, 2], "x": 28, "y": 40, "flags": 4},
			{"matrix": [4, 3], "x": 42, "y": 40, "flags": 4},
			{"matrix": [4, 4], "x": 56, "y": 40, "flags": 4},
			{"matrix": [4, 5], "x": 70, "y": 40, "flags": 4},
			{"matrix": [4, 6], "x": 84, "y": 40, "flags": 4},
			{"matrix": [4, 7], "x": 98, "y": 40, "flags": 4},
			{"matrix": [4, 8], "x": 112, "y": 40, "flags": 4},
			{"matrix": [4, 9], "x": 126, "y": 40, "flags": 4},
      {"matrix": [4, 10], "x": 140, "y": 40, "flags": 4},
			{"matrix": [4, 11], "x": 154, "y": 40, "flags": 4},
			{"matrix": [4, 12], "x": 168, "y": 40, "flags": 4},
			{"matrix": [4, 13], "x": 182, "y": 40, "flags": 4},
			{"matrix": [4, 15], "x": 224, "y": 40, "flags": 4},

      {"matrix": [5, 0], "x":  0, "y": 50, "flags": 4},
			{"matrix": [5, 1], "x": 14, "y": 50, "flags": 4},
			{"matrix": [5, 2], "x": 28, "y": 50, "flags": 4},
			{"matrix": [5, 5], "x": 70, "y": 50, "flags": 4},
			{"matrix": [5, 8], "x": 112, "y": 50, "flags": 4},
      {"matrix": [5, 10], "x": 140, "y": 50, "flags": 4},
			{"matrix": [5, 11], "x": 154, "y": 50, "flags": 4},
			{"matrix": [5, 12], "x": 168, "y": 50, "flags": 4},
			{"matrix": [5, 13], "x": 182, "y": 50, "flags": 4},
			{"matrix": [5, 14], "x": 196, "y": 50, "flags": 4},
			{"matrix": [5, 15], "x": 224, "y": 50, "flags": 4}
		]
	},  
  "matrix_pins": {
    "rows": [
      "B1", "B2", "B3", "B4", "B5", "B6"
    ],
    "cols": [
      "A0", "A1", "A2", "A3", "A4", "A5", "A6", "A7", "A8", "A9", "A10", "A13", "A14", "A15", "B14", "B15"
    ]
  },
  "url": "",
  "usb": {
    "device_version": "1.0.0",
    "pid": "0x154B",
    "vid": "0x7A79"
  },
  "layouts": {
    "LAYOUT": {
      "layout": [
        {
          "label": "Esc",
          "matrix": [
            0,
            0
          ],
          "x": 0,
          "y": 0
        },
        {
          "label": "F1",
          "matrix": [
            0,
            1
          ],
          "x": 1,
          "y": 0
        },
        {
          "label": "F2",
          "matrix": [
            0,
            2
          ],
          "x": 2,
          "y": 0
        },
        {
          "label": "F3",
          "matrix": [
            0,
            3
          ],
          "x": 3,
          "y": 0
        },
        {
          "label": "F4",
          "matrix": [
            0,
            4
          ],
          "x": 4,
          "y": 0
        },
        {
          "label": "F5",
          "matrix": [
            0,
            5
          ],
          "x": 5,
          "y": 0
        },
        {
          "label": "F6",
          "matrix": [
            0,
            6
          ],
          "x": 6,
          "y": 0
        },
        {
          "label": "F7",
          "matrix": [
            0,
            7
          ],
          "x": 7,
          "y": 0
        },
        {
          "label": "F8",
          "matrix": [
            0,
            8
          ],
          "x": 8,
          "y": 0
        },
        {
          "label": "F9",
          "matrix": [
            0,
            9
          ],
          "x": 9,
          "y": 0
        },
        {
          "label": "F10",
          "matrix": [
            0,
            10
          ],
          "x": 10,
          "y": 0
        },
        {
          "label": "F11",
          "matrix": [
            0,
            11
          ],
          "x": 11,
          "y": 0
        },
        {
          "label": "F12",
          "matrix": [
            0,
            12
          ],
          "x": 12,
          "y": 0
        },
        {
          "label": "KC_VOLD",
          "matrix": [
            0,
            13
          ],
          "x": 13,
          "y": 0
        },
        {
          "label": "KC_MUTE",
          "matrix": [
            0,
            14
          ],
          "x": 14,
          "y": 0
        },
        {
          "label": "KC_VOLU",
          "matrix": [
            0,
            15
          ],
          "x": 15,
          "y": 0
        },
        {
          "label": "`",
          "matrix": [
            1,
            0
          ],
          "x": 0,
          "y": 1
        },
        {
          "label": "1",
          "matrix": [
            1,
            1
          ],
          "x": 1,
          "y": 1
        },
        {
          "label": "2",
          "matrix": [
            1,
            2
          ],
          "x": 2,
          "y": 1
        },
        {
          "label": "3",
          "matrix": [
            1,
            3
          ],
          "x": 3,
          "y": 1
        },
        {
          "label": "4",
          "matrix": [
            1,
            4
          ],
          "x": 4,
          "y": 1
        },
        {
          "label": "5",
          "matrix": [
            1,
            5
          ],
          "x": 5,
          "y": 1
        },
        {
          "label": "6",
          "matrix": [
            1,
            6
          ],
          "x": 6,
          "y": 1
        },
        {
          "label": "7",
          "matrix": [
            1,
            7
          ],
          "x": 7,
          "y": 1
        },
        {
          "label": "8",
          "matrix": [
            1,
            8
          ],
          "x": 8,
          "y": 1
        },
        {
          "label": "9",
          "matrix": [
            1,
            9
          ],
          "x": 9,
          "y": 1
        },
        {
          "label": "0",
          "matrix": [
            1,
            10
          ],
          "x": 10,
          "y": 1
        },
        {
          "label": "-",
          "matrix": [
            1,
            11
          ],
          "x": 11,
          "y": 1
        },
        {
          "label": "=",
          "matrix": [
            1,
            12
          ],
          "x": 12,
          "y": 1
        },
        {
          "label": "Backspace",
          "matrix": [
            1,
            13
          ],
          "w": 2,
          "x": 13,
          "y": 1
        },
        {
          "label": "Home",
          "matrix": [
            1,
            15
          ],
          "x": 15,
          "y": 1
        },
        {
          "label": "Tab",
          "matrix": [
            2,
            0
          ],
          "w": 1.5,
          "x": 0,
          "y": 2
        },
        {
          "label": "Q",
          "matrix": [
            2,
            1
          ],
          "x": 1.5,
          "y": 2
        },
        {
          "label": "W",
          "matrix": [
            2,
            2
          ],
          "x": 2.5,
          "y": 2
        },
        {
          "label": "E",
          "matrix": [
            2,
            3
          ],
          "x": 3.5,
          "y": 2
        },
        {
          "label": "R",
          "matrix": [
            2,
            4
          ],
          "x": 4.5,
          "y": 2
        },
        {
          "label": "T",
          "matrix": [
            2,
            5
          ],
          "x": 5.5,
          "y": 2
        },
        {
          "label": "Y",
          "matrix": [
            2,
            6
          ],
          "x": 6.5,
          "y": 2
        },
        {
          "label": "U",
          "matrix": [
            2,
            7
          ],
          "x": 7.5,
          "y": 2
        },
        {
          "label": "I",
          "matrix": [
            2,
            8
          ],
          "x": 8.5,
          "y": 2
        },
        {
          "label": "O",
          "matrix": [
            2,
            9
          ],
          "x": 9.5,
          "y": 2
        },
        {
          "label": "P",
          "matrix": [
            2,
            10
          ],
          "x": 10.5,
          "y": 2
        },
        {
          "label": "[",
          "matrix": [
            2,
            11
          ],
          "x": 11.5,
          "y": 2
        },
        {
          "label": "]",
          "matrix": [
            2,
            12
          ],
          "x": 12.5,
          "y": 2
        },
        {
          "label": "\\",
          "matrix": [
            2,
            13
          ],
          "w": 1.5,
          "x": 13.5,
          "y": 2
        },
        {
          "label": "End",
          "matrix": [
            2,
            15
          ],
          "x": 15,
          "y": 2
        },
        {
          "label": "Caps Lock",
          "matrix": [
            3,
            0
          ],
          "w": 1.75,
          "x": 0,
          "y": 3
        },
        {
          "label": "A",
          "matrix": [
            3,
            1
          ],
          "x": 1.75,
          "y": 3
        },
        {
          "label": "S",
          "matrix": [
            3,
            2
          ],
          "x": 2.75,
          "y": 3
        },
        {
          "label": "D",
          "matrix": [
            3,
            3
          ],
          "x": 3.75,
          "y": 3
        },
        {
          "label": "F",
          "matrix": [
            3,
            4
          ],
          "x": 4.75,
          "y": 3
        },
        {
          "label": "G",
          "matrix": [
            3,
            5
          ],
          "x": 5.75,
          "y": 3
        },
        {
          "label": "H",
          "matrix": [
            3,
            6
          ],
          "x": 6.75,
          "y": 3
        },
        {
          "label": "J",
          "matrix": [
            3,
            7
          ],
          "x": 7.75,
          "y": 3
        },
        {
          "label": "K",
          "matrix": [
            3,
            8
          ],
          "x": 8.75,
          "y": 3
        },
        {
          "label": "L",
          "matrix": [
            3,
            9
          ],
          "x": 9.75,
          "y": 3
        },
        {
          "label": ";",
          "matrix": [
            3,
            10
          ],
          "x": 10.75,
          "y": 3
        },
        {
          "label": "'",
          "matrix": [
            3,
            11
          ],
          "x": 11.75,
          "y": 3
        },
        {
          "label": "Enter",
          "matrix": [
            3,
            12
          ],
          "w": 2.25,
          "x": 12.75,
          "y": 3
        },
        {
          "label": "PgUp",
          "matrix": [
            3,
            15
          ],
          "x": 15,
          "y": 3
        },
        {
          "label": "Shift",
          "matrix": [
            4,
            0
          ],
          "w": 2.25,
          "x": 0,
          "y": 4
        },
        {
          "label": "Z",
          "matrix": [
            4,
            2
          ],
          "x": 2.25,
          "y": 4
        },
        {
          "label": "X",
          "matrix": [
            4,
            3
          ],
          "x": 3.25,
          "y": 4
        },
        {
          "label": "C",
          "matrix": [
            4,
            4
          ],
          "x": 4.25,
          "y": 4
        },
        {
          "label": "V",
          "matrix": [
            4,
            5
          ],
          "x": 5.25,
          "y": 4
        },
        {
          "label": "B",
          "matrix": [
            4,
            6
          ],
          "x": 6.25,
          "y": 4
        },
        {
          "label": "N",
          "matrix": [
            4,
            7
          ],
          "x": 7.25,
          "y": 4
        },
        {
          "label": "M",
          "matrix": [
            4,
            8
          ],
          "x": 8.25,
          "y": 4
        },
        {
          "label": ",",
          "matrix": [
            4,
            9
          ],
          "x": 9.25,
          "y": 4
        },
        {
          "label": ".",
          "matrix": [
            4,
            10
          ],
          "x": 10.25,
          "y": 4
        },
        {
          "label": "/",
          "matrix": [
            4,
            11
          ],
          "x": 11.25,
          "y": 4
        },
        {
          "label": "Shift",
          "matrix": [
            4,
            12
          ],
          "w": 1.75,
          "x": 12.25,
          "y": 4
        },
        {
          "label": "↑",
          "matrix": [
            4,
            13
          ],
          "x": 14,
          "y": 4
        },
        {
          "label": "PgDn",
          "matrix": [
            4,
            15
          ],
          "x": 15,
          "y": 4
        },
        {
          "label": "Ctrl",
          "matrix": [
            5,
            0
          ],
          "w": 1.25,
          "x": 0,
          "y": 5
        },
        {
          "label": "Win",
          "matrix": [
            5,
            1
          ],
          "w": 1.25,
          "x": 1.25,
          "y": 5
        },
        {
          "label": "Alt",
          "matrix": [
            5,
            2
          ],
          "w": 1.25,
          "x": 2.5,
          "y": 5
        },
        {
          "matrix": [
            5,
            5
          ],
          "w": 3,
          "x": 3.75,
          "y": 5
        },
        {
          "matrix": [
            5,
            8
          ],
          "w": 3,
          "x": 6.75,
          "y": 5
        },
        {
          "label": "Alt",
          "matrix": [
            5,
            10
          ],
          "w": 1.25,
          "x": 9.75,
          "y": 5
        },
        {
          "label": "Win",
          "matrix": [
            5,
            11
          ],
          "x": 11,
          "y": 5
        },
        {
          "label": "Menu",
          "matrix": [
            5,
            12
          ],
          "x": 12,
          "y": 5
        },
        {
          "label": "←",
          "matrix": [
            5,
            13
          ],
          "x": 13,
          "y": 5
        },
        {
          "label": "↓",
          "matrix": [
            5,
            14
          ],
          "x": 14,
          "y": 5
        },
        {
          "label": "→",
          "matrix": [
            5,
            15
          ],
          "x": 15,
          "y": 5
        }
      ]
    }
  },
  "matrix_size": {
    "rows": 6,
    "cols": 16
  }
}