{
  "manufacturer": "Daraku-Neko",
  "keyboard_name": "kawasaki16",
  "maintainer": "Daraku-Neko",
  "bootloader": "stm32-dfu",
  "diode_direction": "COL2ROW",
  "features": {
    "bootmagic": true,
    "command": false,
    "console": false,
    "extrakey": true,
    "mousekey": true,
    "nkro": true
  },
  "matrix_pins": {
    "rows": [
      "B3",
      "B4",
      "B5",
      "B6"
    ],
    "cols": [
      "A0",
      "A1",
      "A2",
      "A3"
    ]
  },
  "processor": "STM32L432",
  "url": "",
  "usb": {
    "device_version": "1.0.0",
    "pid": "0x154B",
    "vid": "0x7A79"
  },
  "layouts": {
    "LAYOUT": {
      "layout": [
        {
          "label": "7",
          "matrix": [
            0,
            0
          ],
          "x": 0,
          "y": 0
        },
        {
          "label": "8",
          "matrix": [
            0,
            1
          ],
          "x": 1,
          "y": 0
        },
        {
          "label": "9",
          "matrix": [
            0,
            2
          ],
          "x": 2,
          "y": 0
        },
        {
          "matrix": [
            0,
            3
          ],
          "x": 3,
          "y": 0
        },
        {
          "label": "4",
          "matrix": [
            1,
            0
          ],
          "x": 0,
          "y": 1
        },
        {
          "label": "5",
          "matrix": [
            1,
            1
          ],
          "x": 1,
          "y": 1
        },
        {
          "label": "6",
          "matrix": [
            1,
            2
          ],
          "x": 2,
          "y": 1
        },
        {
          "matrix": [
            1,
            3
          ],
          "x": 3,
          "y": 1
        },
        {
          "label": "1",
          "matrix": [
            2,
            0
          ],
          "x": 0,
          "y": 2
        },
        {
          "label": "2",
          "matrix": [
            2,
            1
          ],
          "x": 1,
          "y": 2
        },
        {
          "label": "3",
          "matrix": [
            2,
            2
          ],
          "x": 2,
          "y": 2
        },
        {
          "matrix": [
            2,
            3
          ],
          "x": 3,
          "y": 2
        },
        {
          "matrix": [
            3,
            0
          ],
          "x": 0,
          "y": 3
        },
        {
          "matrix": [
            3,
            1
          ],
          "x": 1,
          "y": 3
        },
        {
          "label": ".",
          "matrix": [
            3,
            2
          ],
          "x": 2,
          "y": 3
        },
        {
          "matrix": [
            3,
            3
          ],
          "x": 3,
          "y": 3
        }
      ]
    }
  },
  "dynamic_keymap": {
		"layer_count": 8
	},
  "matrix_size": {
    "rows": 4,
    "cols": 4
  }
}