{
  "manufacturer": "Daraku-Neko",
  "keyboard_name": "GPK60-55O",
  "maintainer": "Daraku-Neko",
  "bootloader": "stm32-dfu",
  "processor": "STM32F072",
  "diode_direction": "COL2ROW",
  "features": {
    "command": false,
    "console": false,
    "extrakey": true,
    "mousekey": true,
    "nkro": true,
    "rgblight": true
  },
  "ws2812": {
		"pin": "B0"
	},
  "rgblight": {
    "led_count": 8,
    "sleep": true,
    "animations": {
      "alternating": true,
      "breathing": true,
      "christmas": true,
      "knight": true,
      "rainbow_mood": true,
      "rainbow_swirl": true,
      "rgb_test": true,
      "snake": true,
      "static_gradient": true,
      "twinkle": true
    },
    "default": {
      "animation": "rainbow_swirl"
    }
  },
  "matrix_pins": {
    "rows": [
      "B1", "B2", "B3", "B4"
    ],
    "cols": [
      "A0", "A1", "A2", "A3", "A4", "A5", "A6", "A7", "A8", "A9", "A10", "A13", "A14", "A15"
    ]
  },
  "url": "",
  "usb": {
    "device_version": "1.0.0",
    "pid": "0x1565",
    "vid": "0x7A79"
  },
  "layouts": {
    "LAYOUT": {
      "layout": [
        {
          "matrix": [
            0,
            0
          ],
          "x": 0,
          "y": 0
        },
        {
          "matrix": [
            0,
            1
          ],
          "x": 1,
          "y": 0
        },
        {
          "matrix": [
            0,
            2
          ],
          "x": 2,
          "y": 0
        },
        {
          "matrix": [
            0,
            3
          ],
          "x": 3,
          "y": 0
        },
        {
          "matrix": [
            0,
            4
          ],
          "x": 4,
          "y": 0
        },
        {
          "matrix": [
            0,
            5
          ],
          "x": 5,
          "y": 0
        },
        {
          "matrix": [
            0,
            6
          ],
          "x": 6,
          "y": 0
        },
        {
          "matrix": [
            0,
            7
          ],
          "x": 7,
          "y": 0
        },
        {
          "matrix": [
            0,
            8
          ],
          "x": 8,
          "y": 0
        },
        {
          "matrix": [
            0,
            9
          ],
          "x": 9,
          "y": 0
        },
        {
          "matrix": [
            0,
            10
          ],
          "x": 10,
          "y": 0
        },
        {
          "matrix": [
            0,
            11
          ],
          "x": 11,
          "y": 0
        },
        {
          "matrix": [
            0,
            12
          ],
          "x": 12,
          "y": 0
        },
        {
          "matrix": [
            0,
            13
          ],
          "x": 13.75,
          "y": 0
        },
        {
          "matrix": [
            1,
            0
          ],
          "x": 0,
          "y": 1
        },
        {
          "matrix": [
            1,
            1
          ],
          "x": 1,
          "y": 1
        },
        {
          "matrix": [
            1,
            2
          ],
          "x": 2,
          "y": 1
        },
        {
          "matrix": [
            1,
            3
          ],
          "x": 3,
          "y": 1
        },
        {
          "matrix": [
            1,
            4
          ],
          "x": 4,
          "y": 1
        },
        {
          "matrix": [
            1,
            5
          ],
          "x": 5,
          "y": 1
        },
        {
          "matrix": [
            1,
            6
          ],
          "x": 6,
          "y": 1
        },
        {
          "matrix": [
            1,
            7
          ],
          "x": 7,
          "y": 1
        },
        {
          "matrix": [
            1,
            8
          ],
          "x": 8,
          "y": 1
        },
        {
          "matrix": [
            1,
            9
          ],
          "x": 9,
          "y": 1
        },
        {
          "matrix": [
            1,
            10
          ],
          "x": 10,
          "y": 1
        },
        {
          "matrix": [
            1,
            11
          ],
          "x": 11,
          "y": 1
        },
        {
          "matrix": [
            1,
            12
          ],
          "x": 12,
          "y": 1
        },
        {
          "matrix": [
            1,
            13
          ],
          "x": 13.75,
          "y": 1
        },
        {
          "matrix": [
            2,
            0
          ],
          "x": 0,
          "y": 2
        },
        {
          "matrix": [
            2,
            1
          ],
          "x": 1,
          "y": 2
        },
        {
          "matrix": [
            2,
            2
          ],
          "x": 2,
          "y": 2
        },
        {
          "matrix": [
            2,
            3
          ],
          "x": 3,
          "y": 2
        },
        {
          "matrix": [
            2,
            4
          ],
          "x": 4,
          "y": 2
        },
        {
          "matrix": [
            2,
            5
          ],
          "x": 5,
          "y": 2
        },
        {
          "matrix": [
            2,
            6
          ],
          "x": 6,
          "y": 2
        },
        {
          "matrix": [
            2,
            7
          ],
          "x": 7,
          "y": 2
        },
        {
          "matrix": [
            2,
            8
          ],
          "x": 8,
          "y": 2
        },
        {
          "matrix": [
            2,
            9
          ],
          "x": 9,
          "y": 2
        },
        {
          "matrix": [
            2,
            10
          ],
          "x": 10,
          "y": 2
        },
        {
          "matrix": [
            2,
            11
          ],
          "x": 11,
          "y": 2
        },
        {
          "matrix": [
            2,
            13
          ],
          "x": 13.75,
          "y": 2
        },
        {
          "matrix": [
            2,
            12
          ],
          "x": 12.25,
          "y": 2.25
        },
        {
          "matrix": [
            3,
            0
          ],
          "x": 0,
          "y": 3
        },
        {
          "matrix": [
            3,
            1
          ],
          "x": 1,
          "y": 3
        },
        {
          "matrix": [
            3,
            2
          ],
          "x": 2,
          "y": 3
        },
        {
          "matrix": [
            3,
            3
          ],
          "x": 3,
          "y": 3
        },
        {
          "matrix": [
            3,
            4
          ],
          "x": 4,
          "y": 3
        },
        {
          "matrix": [
            3,
            5
          ],
          "w": 1.5,
          "x": 5,
          "y": 3
        },
        {
          "matrix": [
            3,
            6
          ],
          "w": 1.5,
          "x": 6.5,
          "y": 3
        },
        {
          "matrix": [
            3,
            7
          ],
          "x": 8,
          "y": 3
        },
        {
          "matrix": [
            3,
            8
          ],
          "x": 9,
          "y": 3
        },
        {
          "matrix": [
            3,
            9
          ],
          "x": 10,
          "y": 3
        },
        {
          "matrix": [
            3,
            10
          ],
          "x": 11.25,
          "y": 3.25
        },
        {
          "matrix": [
            3,
            11
          ],
          "x": 12.25,
          "y": 3.25
        },
        {
          "matrix": [
            3,
            12
          ],
          "x": 13.25,
          "y": 3.25
        }
      ]
    }
  },
  "matrix_size": {
    "rows": 4,
    "cols": 14
  }
}