{
    "name": "GRIN Type-R",
    "vendorId": "0x476B",
    "productId": "0x0001",
    "lighting": "none",
    "matrix": { "rows": 5, "cols": 15 },
    "layouts": {
        "labels": [
            ["Enter", "ANSI", "ISO", "ISO(Socket)"],
            "Split Left Shift",
            "Split Right Shift",
            "Split Back Space",
            "Split Space"
          ],
      "keymap": [
        [
            {
              "c": "#777777"
            },
            "0,0",
            {
              "c": "#cccccc"
            },
            "0,1",
            {
              "x": 10
            },
            "0,12",
            {
              "c": "#aaaaaa",
              "w": 2
            },
            "0,13\n\n\n3,0",
            {
              "x": 0.25
            },
            "1,14",
            {
              "x": 4.25,
              "c": "#cccccc"
            },
            "0,13\n\n\n3,1",
            {
              "c": "#aaaaaa"
            },
            "0,14\n\n\n3,1"
          ],
          [
            {
              "w": 1.5
            },
            "1,0",
            {
              "x": 10,
              "c": "#cccccc"
            },
            "1,11",
            "1,12",
            {
              "w": 1.5
            },
            "1,13\n\n\n0,0",
            {
              "x": 0.25,
              "c": "#aaaaaa"
            },
            "2,14",
            {
              "x": 5,
              "c": "#777777",
              "w": 1.25,
              "h": 2,
              "w2": 1.5,
              "h2": 1,
              "x2": -0.25
            },
            "1,13\n\n\n0,1",
            {
              "x": 1,
              "w": 1.25,
              "h": 2,
              "w2": 1.5,
              "h2": 1,
              "x2": -0.25
            },
            "2,13\n\n\n0,2"
          ],
          [
            {
              "c": "#aaaaaa",
              "w": 1.75
            },
            "2,0",
            {
              "x": 10,
              "c": "#cccccc"
            },
            "2,11",
            {
              "c": "#777777",
              "w": 2.25
            },
            "2,13\n\n\n0,0",
            {
              "x": 0.25,
              "c": "#aaaaaa"
            },
            "3,14",
            {
              "x": 4,
              "c": "#cccccc"
            },
            "2,12\n\n\n0,1",
            {
              "x": 1.25
            },
            "2,12\n\n\n0,2"
          ],
          [
            {
              "c": "#aaaaaa",
              "w": 2.25
            },
            "3,0\n\n\n1,0",
            {
              "x": 9,
              "c": "#cccccc"
            },
            "3,11",
            {
              "c": "#aaaaaa",
              "w": 2
            },
            "3,12\n\n\n2,0",
            {
              "x": 2.75,
              "w": 1.25
            },
            "3,0\n\n\n1,1",
            {
              "c": "#cccccc"
            },
            "3,1\n\n\n1,1",
            {
              "x": 0.5
            },
            "3,12\n\n\n2,1",
            {
              "c": "#aaaaaa"
            },
            "3,13\n\n\n2,1"
          ],
          [
            {
              "y": -0.75,
              "x": 14.5,
              "c": "#777777"
            },
            "4,13"
          ],
          [
            {
              "y": -0.7023999999999999,
              "x": 6.25,
              "c": "#cccccc"
            },
            "3,6"
          ],
          [
            {
              "y": -0.5476000000000001,
              "c": "#aaaaaa",
              "w": 1.25
            },
            "4,0",
            {
              "w": 1.25
            },
            "4,1",
            {
              "x": 8.5,
              "w": 1.25
            },
            "4,10"
          ],
          [
            {
              "y": -0.75,
              "x": 13.5,
              "c": "#777777"
            },
            "4,11",
            "4,12",
            "4,14"
          ],
          [
            {
              "y": -0.7129000000000003,
              "x": 5.25,
              "c": "#aaaaaa",
              "w": 3
            },
            "4,6\n\n\n4,0"
          ],
          [
            {
              "y": 0.4629000000000003,
              "x": 5.25,
              "w": 1.5
            },
            "4,5\n\n\n4,1",
            {
              "w": 1.5
            },
            "4,7\n\n\n4,1"
          ],
          [
            {
              "r": 1.25,
              "rx": 2.002,
              "ry": 1.5027,
              "y": -0.5,
              "x": -0.5,
              "c": "#cccccc"
            },
            "1,1"
          ],
          [
            {
              "rx": 6.498,
              "ry": 1.0448,
              "y": -0.5,
              "x": -0.5
            },
            "0,6"
          ],
          [
            {
              "r": 2.5,
              "rx": 2.2538,
              "ry": 2.511,
              "y": -0.5,
              "x": -0.5
            },
            "2,1"
          ],
          [
            {
              "rx": 6.2462,
              "ry": 3.0366,
              "y": -0.5,
              "x": -0.5
            },
            "2,5"
          ],
          [
            {
              "r": 3.75,
              "rx": 2.5055,
              "ry": 0.5247,
              "y": -0.5,
              "x": -0.5
            },
            "0,2"
          ],
          [
            {
              "rx": 5.9945,
              "ry": 2.0228,
              "y": -0.5,
              "x": -0.5
            },
            "1,5"
          ],
          [
            {
              "r": 5,
              "rx": 2.7567,
              "ry": 3.5439,
              "y": -0.5,
              "x": -0.5
            },
            "3,2"
          ],
          [
            {
              "rx": 5.7433,
              "ry": 4.0036,
              "y": -0.5,
              "x": -0.5
            },
            "3,5"
          ],
          [
            {
              "r": 6.25,
              "rx": 3.0075,
              "ry": 1.5687,
              "y": -0.5,
              "x": -0.5
            },
            "1,2"
          ],
          [
            {
              "rx": 5.4925,
              "ry": 0.979,
              "y": -0.5,
              "x": -0.5
            },
            "0,5"
          ],
          [
            {
              "r": 7,
              "rx": 3.1576,
              "ry": 4.5861,
              "y": -0.5,
              "x": -0.625,
              "c": "#aaaaaa",
              "w": 1.25
            },
            "4,2"
          ],
          [
            {
              "r": 7.5,
              "rx": 3.2576,
              "ry": 2.5988,
              "y": -0.5,
              "x": -0.5,
              "c": "#cccccc"
            },
            "2,2"
          ],
          [
            {
              "rx": 5.2424,
              "ry": 2.9488,
              "y": -0.5,
              "x": -0.5
            },
            "2,4"
          ],
          [
            {
              "r": 8.75,
              "rx": 3.5071,
              "ry": 0.6344,
              "y": -0.5,
              "x": -0.5
            },
            "0,3"
          ],
          [
            {
              "rx": 4.9929,
              "ry": 1.9132,
              "y": -0.5,
              "x": -0.5
            },
            "1,4"
          ],
          [
            {
              "r": 10,
              "rx": 3.7557,
              "ry": 3.6755,
              "y": -0.5,
              "x": -0.5
            },
            "3,3"
          ],
          [
            {
              "rx": 4.7443,
              "ry": 3.8721,
              "y": -0.5,
              "x": -0.5
            },
            "3,4"
          ],
          [
            {
              "r": 11.25,
              "rx": 4.0034,
              "ry": 1.7219,
              "y": -0.5,
              "x": -0.5
            },
            "1,3"
          ],
          [
            {
              "rx": 4.4966,
              "ry": 0.8257,
              "y": -0.5,
              "x": -0.5
            },
            "0,4"
          ],
          [
            {
              "r": 11.95,
              "rx": 4.5669,
              "ry": 4.8488,
              "y": -0.5,
              "x": -0.625,
              "c": "#aaaaaa",
              "w": 1.25
            },
            "4,4"
          ],
          [
            {
              "r": 12.5,
              "rx": 4.25,
              "ry": 2.7738,
              "y": -0.5,
              "x": -0.5,
              "c": "#cccccc"
            },
            "2,3"
          ],
          [
            {
              "r": -12.5,
              "rx": 9.25,
              "y": -0.5,
              "x": -0.5
            },
            "2,8"
          ],
          [
            {
              "r": -11.95,
              "rx": 8.9331,
              "ry": 4.8488,
              "y": -0.5,
              "x": -0.625,
              "c": "#aaaaaa",
              "w": 1.25
            },
            "4,8"
          ],
          [
            {
              "r": -11.25,
              "rx": 9.0034,
              "ry": 1.8257,
              "y": -0.5,
              "x": -0.5,
              "c": "#cccccc"
            },
            "1,8"
          ],
          [
            {
              "rx": 9.4966,
              "ry": 0.7219,
              "y": -0.5,
              "x": -0.5
            },
            "0,9"
          ],
          [
            {
              "r": -10,
              "rx": 8.7557,
              "ry": 3.8721,
              "y": -0.5,
              "x": -0.5
            },
            "3,8"
          ],
          [
            {
              "rx": 9.7443,
              "ry": 3.6755,
              "y": -0.5,
              "x": -0.5
            },
            "3,9"
          ],
          [
            {
              "r": -8.75,
              "rx": 8.5071,
              "ry": 0.9132,
              "y": -0.5,
              "x": -0.5
            },
            "0,8"
          ],
          [
            {
              "rx": 9.9929,
              "ry": 1.6344,
              "y": -0.5,
              "x": -0.5
            },
            "1,9"
          ],
          [
            {
              "r": -7.5,
              "rx": 8.2576,
              "ry": 2.9488,
              "y": -0.5,
              "x": -0.5
            },
            "2,7"
          ],
          [
            {
              "rx": 10.2424,
              "ry": 2.5988,
              "y": -0.5,
              "x": -0.5
            },
            "2,9"
          ],
          [
            {
              "r": -7,
              "rx": 10.3424,
              "ry": 4.5861,
              "y": -0.5,
              "x": -0.625,
              "c": "#aaaaaa",
              "w": 1.25
            },
            "4,9"
          ],
          [
            {
              "r": -6.25,
              "rx": 8.0075,
              "ry": 1.979,
              "y": -0.5,
              "x": -0.5,
              "c": "#cccccc"
            },
            "1,7"
          ],
          [
            {
              "rx": 10.4925,
              "ry": 0.5687,
              "y": -0.5,
              "x": -0.5
            },
            "0,10"
          ],
          [
            {
              "r": -5,
              "rx": 7.7567,
              "ry": 4.0036,
              "y": -0.5,
              "x": -0.5
            },
            "3,7"
          ],
          [
            {
              "rx": 10.7433,
              "ry": 3.5439,
              "y": -0.5,
              "x": -0.5
            },
            "3,10"
          ],
          [
            {
              "r": -3.75,
              "rx": 7.5055,
              "ry": 1.0228,
              "y": -0.5,
              "x": -0.5
            },
            "0,7"
          ],
          [
            {
              "rx": 10.9945,
              "ry": 1.5247,
              "y": -0.5,
              "x": -0.5
            },
            "1,10"
          ],
          [
            {
              "r": -2.5,
              "rx": 7.2538,
              "ry": 3.0366,
              "y": -0.5,
              "x": -0.5
            },
            "2,6"
          ],
          [
            {
              "rx": 11.2462,
              "ry": 2.511,
              "y": -0.5,
              "x": -0.5
            },
            "2,10"
          ],
          [
            {
              "r": -1.25,
              "rx": 7.002,
              "ry": 2.0448,
              "y": -0.5,
              "x": -0.5
            },
            "1,6"
          ],
          [
            {
              "rx": 11.498,
              "ry": 0.5027,
              "y": -0.5,
              "x": -0.5
            },
            "0,11"
          ]
      ]
    }
  }
