{
  "manufacturer": "Daraku-Neko",
  "keyboard_name": "GPK60L-63R",
  "maintainer": "Daraku-Neko",
  "bootloader": "rp2040",
  "diode_direction": "COL2ROW",
  "features": {
    "audio": false,
    "backlight": false,
    "bootmagic": false,
    "command": false,
    "console": false,
    "encoder": false,
    "extrakey": true,
    "mousekey": true,
    "nkro": true,
    "oled": false,
    "rgb_matrix": true,
    "via": false,
    "wpm": false
  },
  "caps_word": {
    "enabled": true,
    "double_tap_shift_turns_on": true
  },
  "matrix_pins": {
    "rows": [
      "GP1",
      "GP2",
      "GP3",
      "GP4",
      "GP5"
    ],
    "cols": [
      "GP6",
      "GP7",
      "GP8",
      "GP9",
      "GP10",
      "GP11",
      "GP12",
      "GP13",
      "GP14",
      "GP15",
      "GP16",
      "GP17",
      "GP18",
      "GP19"
    ]
  },
  "processor": "RP2040",
  "url": "",
  "usb": {
    "device_version": "1.0.0",
    "pid": "0x1537",
    "vid": "0x7A79"
  },
  "layouts": {
    "LAYOUT": {
      "layout": [
        {
          "label": "ESC",
          "matrix": [
            0,
            0
          ],
          "x": 0,
          "y": 0
        },
        {
          "label": "1",
          "matrix": [
            0,
            1
          ],
          "x": 1,
          "y": 0
        },
        {
          "label": "2",
          "matrix": [
            0,
            2
          ],
          "x": 2,
          "y": 0
        },
        {
          "label": "3",
          "matrix": [
            0,
            3
          ],
          "x": 3,
          "y": 0
        },
        {
          "label": "4",
          "matrix": [
            0,
            4
          ],
          "x": 4,
          "y": 0
        },
        {
          "label": "5",
          "matrix": [
            0,
            5
          ],
          "x": 5,
          "y": 0
        },
        {
          "label": "6",
          "matrix": [
            0,
            6
          ],
          "x": 6,
          "y": 0
        },
        {
          "label": "7",
          "matrix": [
            0,
            7
          ],
          "x": 7,
          "y": 0
        },
        {
          "label": "8",
          "matrix": [
            0,
            8
          ],
          "x": 8,
          "y": 0
        },
        {
          "label": "9",
          "matrix": [
            0,
            9
          ],
          "x": 9,
          "y": 0
        },
        {
          "label": "0",
          "matrix": [
            0,
            10
          ],
          "x": 10,
          "y": 0
        },
        {
          "label": "-",
          "matrix": [
            0,
            11
          ],
          "x": 11,
          "y": 0
        },
        {
          "label": "=",
          "matrix": [
            0,
            12
          ],
          "x": 12,
          "y": 0
        },
        {
          "label": "Backspace",
          "matrix": [
            0,
            13
          ],
          "w": 2,
          "x": 13,
          "y": 0
        },
        {
          "label": "Tab",
          "matrix": [
            1,
            0
          ],
          "w": 1.5,
          "x": 0,
          "y": 1
        },
        {
          "label": "Q",
          "matrix": [
            1,
            1
          ],
          "x": 1.5,
          "y": 1
        },
        {
          "label": "W",
          "matrix": [
            1,
            2
          ],
          "x": 2.5,
          "y": 1
        },
        {
          "label": "E",
          "matrix": [
            1,
            3
          ],
          "x": 3.5,
          "y": 1
        },
        {
          "label": "R",
          "matrix": [
            1,
            4
          ],
          "x": 4.5,
          "y": 1
        },
        {
          "label": "T",
          "matrix": [
            1,
            5
          ],
          "x": 5.5,
          "y": 1
        },
        {
          "label": "Y",
          "matrix": [
            1,
            6
          ],
          "x": 6.5,
          "y": 1
        },
        {
          "label": "U",
          "matrix": [
            1,
            7
          ],
          "x": 7.5,
          "y": 1
        },
        {
          "label": "I",
          "matrix": [
            1,
            8
          ],
          "x": 8.5,
          "y": 1
        },
        {
          "label": "O",
          "matrix": [
            1,
            9
          ],
          "x": 9.5,
          "y": 1
        },
        {
          "label": "P",
          "matrix": [
            1,
            10
          ],
          "x": 10.5,
          "y": 1
        },
        {
          "label": "[",
          "matrix": [
            1,
            11
          ],
          "x": 11.5,
          "y": 1
        },
        {
          "label": "]",
          "matrix": [
            1,
            12
          ],
          "x": 12.5,
          "y": 1
        },
        {
          "label": "\\",
          "matrix": [
            1,
            13
          ],
          "w": 1.5,
          "x": 13.5,
          "y": 1
        },
        {
          "label": "Left Control",
          "matrix": [
            2,
            0
          ],
          "w": 1.75,
          "x": 0,
          "y": 2
        },
        {
          "label": "A",
          "matrix": [
            2,
            1
          ],
          "x": 1.75,
          "y": 2
        },
        {
          "label": "S",
          "matrix": [
            2,
            2
          ],
          "x": 2.75,
          "y": 2
        },
        {
          "label": "D",
          "matrix": [
            2,
            3
          ],
          "x": 3.75,
          "y": 2
        },
        {
          "label": "F",
          "matrix": [
            2,
            4
          ],
          "x": 4.75,
          "y": 2
        },
        {
          "label": "G",
          "matrix": [
            2,
            5
          ],
          "x": 5.75,
          "y": 2
        },
        {
          "label": "H",
          "matrix": [
            2,
            6
          ],
          "x": 6.75,
          "y": 2
        },
        {
          "label": "J",
          "matrix": [
            2,
            7
          ],
          "x": 7.75,
          "y": 2
        },
        {
          "label": "K",
          "matrix": [
            2,
            8
          ],
          "x": 8.75,
          "y": 2
        },
        {
          "label": "L",
          "matrix": [
            2,
            9
          ],
          "x": 9.75,
          "y": 2
        },
        {
          "label": ";",
          "matrix": [
            2,
            10
          ],
          "x": 10.75,
          "y": 2
        },
        {
          "label": "'",
          "matrix": [
            2,
            11
          ],
          "x": 11.75,
          "y": 2
        },
        {
          "label": "Enter",
          "matrix": [
            2,
            12
          ],
          "w": 2.25,
          "x": 12.75,
          "y": 2
        },
        {
          "label": "Left Shift",
          "matrix": [
            3,
            0
          ],
          "w": 2.25,
          "x": 0,
          "y": 3
        },
        {
          "label": "Z",
          "matrix": [
            3,
            1
          ],
          "x": 2.25,
          "y": 3
        },
        {
          "label": "X",
          "matrix": [
            3,
            2
          ],
          "x": 3.25,
          "y": 3
        },
        {
          "label": "C",
          "matrix": [
            3,
            3
          ],
          "x": 4.25,
          "y": 3
        },
        {
          "label": "V",
          "matrix": [
            3,
            4
          ],
          "x": 5.25,
          "y": 3
        },
        {
          "label": "B",
          "matrix": [
            3,
            5
          ],
          "x": 6.25,
          "y": 3
        },
        {
          "label": "N",
          "matrix": [
            3,
            6
          ],
          "x": 7.25,
          "y": 3
        },
        {
          "label": "M",
          "matrix": [
            3,
            7
          ],
          "x": 8.25,
          "y": 3
        },
        {
          "label": ",",
          "matrix": [
            3,
            8
          ],
          "x": 9.25,
          "y": 3
        },
        {
          "label": ".",
          "matrix": [
            3,
            9
          ],
          "x": 10.25,
          "y": 3
        },
        {
          "label": "/",
          "matrix": [
            3,
            10
          ],
          "x": 11.25,
          "y": 3
        },
        {
          "label": "Right Shift",
          "matrix": [
            3,
            11
          ],
          "w": 1.75,
          "x": 12.25,
          "y": 3
        },
        {
          "label": "MO(1)",
          "matrix": [
            3,
            12
          ],
          "x": 14,
          "y": 3
        },
        {
          "label": "LCTL(KC_SPACE)",
          "matrix": [
            4,
            0
          ],
          "x": 1,
          "y": 4
        },
        {
          "matrix": [
            4,
            1
          ],
          "w": 1.25,
          "x": 2,
          "y": 4
        },
        {
          "label": "Left Alt",
          "matrix": [
            4,
            2
          ],
          "w": 1.25,
          "x": 3.25,
          "y": 4
        },
        {
          "label": "LT(1, KC_BSPC)",
          "matrix": [
            4,
            3
          ],
          "w": 2.25,
          "x": 4.5,
          "y": 4
        },
        {
          "label": "Enter",
          "matrix": [
            4,
            4
          ],
          "w": 1.25,
          "x": 6.75,
          "y": 4
        },
        {
          "label": "LT(1, KC_BSPC)",
          "matrix": [
            4,
            5
          ],
          "w": 2.25,
          "x": 8,
          "y": 4
        },
        {
          "label": "Right Alt",
          "matrix": [
            4,
            6
          ],
          "w": 1.25,
          "x": 10.25,
          "y": 4
        },
        {
          "label": "Right GUI",
          "matrix": [
            4,
            7
          ],
          "w": 1.25,
          "x": 11.5,
          "y": 4
        },
        {
          "label": "MO(2)",
          "matrix": [
            4,
            8
          ],
          "w": 1.25,
          "x": 12.75,
          "y": 4
        }
      ]
    }
  },
  "matrix_size": {
    "rows": 5,
    "cols": 14
  }
}