{
  "name": "GPK60-47GR1RE",
  "vendorId": "0xFEED",
  "productId": "0x1424",
  "lighting": "vialrgb",
  "matrix": {
    "rows": 4,
    "cols": 14
  },
  "layouts": {
    "labels": [],
    "keymap": [
      [
        {
          "w": 1.5
        },
        "0,0",
        "0,1",
        "0,2",
        "0,3",
        "0,4",
        "0,5",
        "0,6",
        "0,7",
        "0,8",
        "0,9",
        "0,10",
        "0,11",
        "0,12",
        {
          "w": 1.5
        },
        "0,13"
      ],
      [
        {
          "w": 1.75
        },
        "1,0",
        "1,1",
        "1,2",
        "1,3",
        "1,4",
        "1,5",
        "1,6",
        "1,7",
        "1,8",
        "1,9",
        "1,10",
        "1,11",
        {
          "w": 2.25
        },
        "1,12"
      ],
      [
        {
          "w": 2.25
        },
        "2,0",
        "2,1",
        "2,2",
        "2,3",
        "2,4",
        "2,5",
        "2,6",
        "2,7",
        "2,8",
        "2,9",
        "2,10",
        {
          "w": 2
        },
        "2,11"
      ],
      [
        {
          "w": 1.25
        },
        "3,0",
        {
          "w": 1.25
        },
        "3,1",
        {
          "w": 1.5
        },
        "3,2",
        {
          "w": 1.5
        },
        "3,3",
        {
          "w": 2.75
        },
        "3,4",
        {
          "w": 1.5
        },
        "3,7",
        {
          "w": 1.5
        },
        "3,8",
        {
          "w": 1.25
        },
        "3,9",
        {
          "x": 2.75
        },
        "3,11"
      ],
      [
        "0,0\n\n\n\n\n\n\n\n\ne",
        "0,1\n\n\n\n\n\n\n\n\ne"
      ]
    ]
  }
}