{
  "name": "GPK60-46W",
  "vendorId": "0xFEED",
  "productId": "0x1418",
  "lighting": "qmk_rgblight",
  "matrix": {
    "rows": 4,
    "cols": 14
  },
  "layouts": {
    "labels": [],
    "keymap": [
      [
        "0,0",
        "0,1",
        "0,2",
        "0,3",
        "0,4",
        "0,5",
        {
          "x": 3.5
        },
        "0,8",
        "0,9",
        "0,10",
        "0,11",
        "0,12",
        "0,13"
      ],
      [
        "1,0",
        "1,1",
        "1,2",
        "1,3",
        "1,4",
        "1,5",
        {
          "x": 3.5
        },
        "1,8",
        "1,9",
        "1,10",
        "1,11",
        "1,12",
        "1,13"
      ],
      [
        "2,0",
        "2,1",
        "2,2",
        "2,3",
        "2,4",
        "2,5",
        "2,6",
        {
          "x": 1.5
        },
        "2,7",
        "2,8",
        "2,9",
        "2,10",
        "2,11",
        "2,12",
        "2,13"
      ],
      [
        {
          "x": 3
        },
        "3,3",
        "3,4",
        "3,5",
        "3,6",
        {
          "x": 1.5
        },
        "3,7",
        "3,8",
        "3,9",
        "3,10"
      ]
    ]
  }
}