{
  "name": "Yadama Willow",
  "vendorId": "0x7A79",
  "productId": "0x154E",
  "lighting": "vialrgb",
  "matrix": {
    "rows": 9,
    "cols": 14
  },
  "customKeycodes": [
    {
      "shortName": "Ikiri \nBreathing",
      "title": "Ikiri \nBreathing",
      "name": "Ikiri"
    }
  ],
  "layouts": {
    "keymap": [
      [
        {
          "x": 8
        },
        "0,0\n\n\n\n\n\n\n\n\ne",
        "1,0\n\n\n\n\n\n\n\n\ne",
        "2,0\n\n\n\n\n\n\n\n\ne"
      ],
      [
        "0,0",
        "0,1",
        "0,2",
        "0,3",
        "0,4",
        "0,5",
        {
          "x": 2
        },
        "0,6",
        "1,6",
        "2,6",
        {
          "x": 2
        },
        "0,8",
        "0,9",
        "0,10",
        "0,11",
        "0,12",
        "0,13"
      ],
      [
        "1,0",
        "1,1",
        "1,2",
        "1,3",
        "1,4",
        "1,5",
        {
          "x": 2
        },
        "0,1\n\n\n\n\n\n\n\n\ne",
        "1,1\n\n\n\n\n\n\n\n\ne",
        "2,1\n\n\n\n\n\n\n\n\ne",
        {
          "x": 2
        },
        "1,8",
        "1,9",
        "1,10",
        "1,11",
        "1,12",
        "1,13"
      ],
      [
        "2,0",
        "2,1",
        "2,2",
        "2,3",
        "2,4",
        "2,5",
        {
          "x": 7
        },
        "2,8",
        "2,9",
        "2,10",
        "2,11",
        "2,12",
        "2,13"
      ],
      [
        {
          "y": -0.75,
          "x": 9
        },
        "5,5"
      ],
      [
        "3,0",
        "3,1",
        "3,2",
        "3,3",
        "3,4",
        "3,5",
        "3,6",
        {
          "x": 5
        },
        "3,7",
        "3,8",
        "3,9",
        "3,10",
        "3,11",
        "3,12",
        "3,13"
      ],
      [
        {
          "y": -1,
          "x": 8.5
        },
        "5,6",
        "6,5"
      ],
      [
        {
          "y": -0.25,
          "x": 3
        },
        "4,3",
        "4,4",
        "4,5",
        "4,6",
        {
          "x": 5
        },
        "4,7",
        "4,8",
        "4,9",
        "4,10"
      ],
      [
        {
          "y": -0.75,
          "x": 8
        },
        "5,7",
        "6,6",
        "7,5"
      ],
      [
        {
          "x": 8.5
        },
        "6,7",
        "7,6"
      ],
      [
        {
          "x": 8
        },
        "6,8",
        "7,7",
        "8,5"
      ],
      [
        {
          "x": 8.5
        },
        "7,8",
        "8,6"
      ]
    ]
  }
}