{
  "name": "GPK60-51O",
  "vendorId": "0xFEED",
  "productId": "0x1416",
  "lighting": "qmk_rgblight",
  "matrix": { "rows": 8, "cols":  7 },
  "layouts": {
      "LAYOUT": {
          "layout": [{"label":"0,0", "x":0, "y":0}, {"label":"0,1", "x":1.5, "y":0}, {"label":"0,2", "x":2.5, "y":0}, {"label":"0,3", "x":3.5, "y":0}, {"label":"0,4", "x":4.5, "y":0}, {"label":"0,5", "x":5.5, "y":0}, {"label":"0,6", "x":6.5, "y":0}, {"label":"1,0", "x":7.5, "y":0}, {"label":"1,1", "x":8.5, "y":0}, {"label":"1,2", "x":9.5, "y":0}, {"label":"1,3", "x":10.5, "y":0}, {"label":"1,4", "x":11.5, "y":0}, {"label":"1,5", "x":12.5, "y":0}, {"label":"1,6", "x":0, "y":1}, {"label":"2,0", "x":1.5, "y":1}, {"label":"2,1", "x":2.5, "y":1}, {"label":"2,2", "x":3.5, "y":1}, {"label":"2,3", "x":4.5, "y":1}, {"label":"2,4", "x":5.5, "y":1}, {"label":"2,5", "x":6.5, "y":1}, {"label":"2,6", "x":7.5, "y":1}, {"label":"3,0", "x":8.5, "y":1}, {"label":"3,1", "x":9.5, "y":1}, {"label":"3,2", "x":10.5, "y":1}, {"label":"3,3", "x":11.5, "y":1}, {"label":"3,4", "x":12.5, "y":1}, {"label":"3,5", "x":0, "y":2}, {"label":"4,0", "x":1.5, "y":2}, {"label":"4,1", "x":2.5, "y":2}, {"label":"4,2", "x":3.5, "y":2}, {"label":"4,3", "x":4.5, "y":2}, {"label":"4,4", "x":5.5, "y":2}, {"label":"4,5", "x":6.5, "y":2}, {"label":"4,6", "x":7.5, "y":2}, {"label":"5,0", "x":8.5, "y":2}, {"label":"5,1", "x":9.5, "y":2}, {"label":"5,2", "x":10.5, "y":2}, {"label":"5,3", "x":11.5, "y":2}, {"label":"5,4", "x":12.5, "y":2}, {"label":"5,5", "x":0, "y":3}, {"label":"5,6", "x":1.5, "y":3}, {"label":"6,0", "x":2.5, "y":3}, {"label":"6,1", "x":3.5, "y":3}, {"label":"6,2", "x":4.5, "y":3}, {"label":"6,3", "x":5.5, "y":3}, {"label":"6,4", "x":6.5, "y":3, "w":2}, {"label":"6,5", "x":8.5, "y":3}, {"label":"6,6", "x":9.5, "y":3}, {"label":"7,0", "x":10.5, "y":3}, {"label":"7,1", "x":11.5, "y":3}, {"label":"7,2", "x":12.5, "y":3}]
      }
  }
}