{
  "name": "Ieneko38RTR",
  "pid": "0x1550",
  "vid": "0x7A79",
  "lighting": "vialrgb",
  "matrix": {
    "rows": 6,
    "cols": 11
  },
  "customKeycodes": [
    {
      "shortName": "Layer\nUP",
      "title": "Layer UP",
      "name": "U_Layer_UP"
    },
    {
      "shortName": "Layer\nDOWN",
      "title": "Layer DOWN",
      "name": "U_Layer_DOWN"
    },
    {
      "shortName": "Mouse\nAccel 2",
      "title": "Mouse Accel 2",
      "name": "U_M_ACL_2x"
    },
    {
      "shortName": "Mouse\nAccel 4",
      "title": "Mouse Accel 4",
      "name": "U_M_ACL_4x"
    },
    {
      "shortName": "Mouse\nAccel 1/2",
      "title": "Mouse Accel 1/2",
      "name": "U_M_ACL_HALF"
    },
    {
      "shortName": "Mouse\nAccel 1/4",
      "title": "Mouse  1/4",
      "name": "U_M_ACL_QUARTER"
    },
    {
      "shortName": "Scroll\nAccell 2",
      "title": "Scroll Step2",
      "name": "U_S_ACL_2x"
    },
    {
      "shortName": "Scroll\nAccell 4",
      "title": "Scroll Step4",
      "name": "U_S_ACL_4x"
    },
    {
      "shortName": "Scroll\nAccell 8",
      "title": "Scroll Step8",
      "name": "U_S_ACL_8x"
    }
  ],
  "layouts": {
    "labels": [],
    "keymap": [
      [
        "0,0",
        "0,1",
        "0,2",
        "0,3",
        "0,4",
        "0,5",
        "0,6",
        "0,7",
        "0,8",
        "0,9",
        "0,10",
        "3,9"
      ],
      [
        {
          "w": 1.25
        },
        "1,0",
        "1,1",
        "1,2",
        "1,3",
        "1,4",
        "1,5",
        "1,6",
        "1,7",
        "1,8",
        "1,9",
        {
          "w": 1.75
        },
        "1,10"
      ],
      [
        {
          "w": 1.75
        },
        "2,0",
        "2,1",
        "2,2",
        "2,3",
        "2,4",
        "2,5",
        "2,6",
        "2,7",
        "2,8",
        "2,9",
        {
          "w": 1.25
        },
        "2,10"
      ],
      [
        {
          "x": 2
        },
        "3,1",
        {
          "x": 0.25,
          "w": 1.25
        },
        "3,5",
        {
          "w": 2
        },
        "3,6",
        {
          "w": 2
        },
        "3,7",
        {
          "w": 1.25
        },
        "3,8"
      ],
      ["3,2","0,0\n\n\n\n\n\n\n\n\ne","3,0","0,1\n\n\n\n\n\n\n\n\ne","3,4"],
      [{"x": 2},"3,3"],
      [{"y":0.25},"4,0","4,1", {"x":1.0},"4,2","4,3", {"x":1.0},"4,4","4,5",{"x":1.0},"4,6","4,7"],
      [{"y":0.25},"4,9","4,10","5,0", {"x":1.0},"5,1",{"x":1.0},"4,8"]
    ]
  }
}