{
  "manufacturer": "Daraku-Neko",
  "keyboard_name": "GPK60-65O",
  "maintainer": "Daraku-Neko",
  "bootloader": "rp2040",
  "diode_direction": "COL2ROW",
  "features": {
		"command": false,
		"console": false,
		"extrakey": true,
		"mousekey": true,
		"nkro": true,
		"rgblight": true
	},
	"tapping": {
    	"term": 150
  },
  "rgblight": {
    "led_count": 10,
    "driver": "ws2812",
    "sleep": true,
    "animations": {
      "alternating": true,
      "breathing": true,
      "christmas": true,
      "knight": true,
      "rainbow_mood": true,
      "rainbow_swirl": true,
      "rgb_test": true,
      "snake": true,
      "static_gradient": true,
      "twinkle": true
    }
  },
	"ws2812": {
		"driver": "vendor",
		"pin": "GP0"
	},
  "matrix_pins": {
    "rows": [
      "GP1",
      "GP2",
      "GP3",
      "GP4",
      "GP5"
    ],
    "cols": [
      "GP6",
      "GP7",
      "GP8",
      "GP9",
      "GP10",
      "GP11",
      "GP12",
      "GP13",
      "GP14",
      "GP15",
      "GP26",
      "GP27",
      "GP28"
    ]
  },
  "processor": "RP2040",
  "url": "",
  "usb": {
    "device_version": "1.0.0",
    "pid": "0x1536",
    "vid": "0x7A79"
  },
  "layouts": {
    "LAYOUT": {
      "layout": [
        {
          "label": "Esc",
          "matrix": [
            0,
            0
          ],
          "x": 0,
          "y": 0
        },
        {
          "label": "1",
          "matrix": [
            0,
            1
          ],
          "x": 1,
          "y": 0
        },
        {
          "label": "2",
          "matrix": [
            0,
            2
          ],
          "x": 2,
          "y": 0
        },
        {
          "label": "3",
          "matrix": [
            0,
            3
          ],
          "x": 3,
          "y": 0
        },
        {
          "label": "4",
          "matrix": [
            0,
            4
          ],
          "x": 4,
          "y": 0
        },
        {
          "label": "5",
          "matrix": [
            0,
            5
          ],
          "x": 5,
          "y": 0
        },
        {
          "label": "6",
          "matrix": [
            0,
            6
          ],
          "x": 6,
          "y": 0
        },
        {
          "label": "7",
          "matrix": [
            0,
            7
          ],
          "x": 7,
          "y": 0
        },
        {
          "label": "8",
          "matrix": [
            0,
            8
          ],
          "x": 8,
          "y": 0
        },
        {
          "label": "9",
          "matrix": [
            0,
            9
          ],
          "x": 9,
          "y": 0
        },
        {
          "label": "0",
          "matrix": [
            0,
            10
          ],
          "x": 10,
          "y": 0
        },
        {
          "label": "-",
          "matrix": [
            0,
            11
          ],
          "x": 11,
          "y": 0
        },
        {
          "label": "=",
          "matrix": [
            0,
            12
          ],
          "x": 12,
          "y": 0
        },
        {
          "label": "Tab",
          "matrix": [
            1,
            0
          ],
          "x": 0,
          "y": 1
        },
        {
          "label": "Q",
          "matrix": [
            1,
            1
          ],
          "x": 1,
          "y": 1
        },
        {
          "label": "W",
          "matrix": [
            1,
            2
          ],
          "x": 2,
          "y": 1
        },
        {
          "label": "E",
          "matrix": [
            1,
            3
          ],
          "x": 3,
          "y": 1
        },
        {
          "label": "R",
          "matrix": [
            1,
            4
          ],
          "x": 4,
          "y": 1
        },
        {
          "label": "T",
          "matrix": [
            1,
            5
          ],
          "x": 5,
          "y": 1
        },
        {
          "label": "Y",
          "matrix": [
            1,
            6
          ],
          "x": 6,
          "y": 1
        },
        {
          "label": "U",
          "matrix": [
            1,
            7
          ],
          "x": 7,
          "y": 1
        },
        {
          "label": "I",
          "matrix": [
            1,
            8
          ],
          "x": 8,
          "y": 1
        },
        {
          "label": "O",
          "matrix": [
            1,
            9
          ],
          "x": 9,
          "y": 1
        },
        {
          "label": "P",
          "matrix": [
            1,
            10
          ],
          "x": 10,
          "y": 1
        },
        {
          "label": "[",
          "matrix": [
            1,
            11
          ],
          "x": 11,
          "y": 1
        },
        {
          "label": "]",
          "matrix": [
            1,
            12
          ],
          "x": 12,
          "y": 1
        },
        {
          "label": "Left Control",
          "matrix": [
            2,
            0
          ],
          "x": 0,
          "y": 2
        },
        {
          "label": "A",
          "matrix": [
            2,
            1
          ],
          "x": 1,
          "y": 2
        },
        {
          "label": "S",
          "matrix": [
            2,
            2
          ],
          "x": 2,
          "y": 2
        },
        {
          "label": "D",
          "matrix": [
            2,
            3
          ],
          "x": 3,
          "y": 2
        },
        {
          "label": "F",
          "matrix": [
            2,
            4
          ],
          "x": 4,
          "y": 2
        },
        {
          "label": "G",
          "matrix": [
            2,
            5
          ],
          "x": 5,
          "y": 2
        },
        {
          "label": "H",
          "matrix": [
            2,
            6
          ],
          "x": 6,
          "y": 2
        },
        {
          "label": "J",
          "matrix": [
            2,
            7
          ],
          "x": 7,
          "y": 2
        },
        {
          "label": "K",
          "matrix": [
            2,
            8
          ],
          "x": 8,
          "y": 2
        },
        {
          "label": "L",
          "matrix": [
            2,
            9
          ],
          "x": 9,
          "y": 2
        },
        {
          "label": ";",
          "matrix": [
            2,
            10
          ],
          "x": 10,
          "y": 2
        },
        {
          "label": "'",
          "matrix": [
            2,
            11
          ],
          "x": 11,
          "y": 2
        },
        {
          "label": "Enter",
          "matrix": [
            2,
            12
          ],
          "x": 12,
          "y": 2
        },
        {
          "label": "Left Shift",
          "matrix": [
            3,
            0
          ],
          "x": 0,
          "y": 3
        },
        {
          "label": "Z",
          "matrix": [
            3,
            1
          ],
          "x": 1,
          "y": 3
        },
        {
          "label": "X",
          "matrix": [
            3,
            2
          ],
          "x": 2,
          "y": 3
        },
        {
          "label": "C",
          "matrix": [
            3,
            3
          ],
          "x": 3,
          "y": 3
        },
        {
          "label": "V",
          "matrix": [
            3,
            4
          ],
          "x": 4,
          "y": 3
        },
        {
          "label": "B",
          "matrix": [
            3,
            5
          ],
          "x": 5,
          "y": 3
        },
        {
          "label": "N",
          "matrix": [
            3,
            6
          ],
          "x": 6,
          "y": 3
        },
        {
          "label": "M",
          "matrix": [
            3,
            7
          ],
          "x": 7,
          "y": 3
        },
        {
          "label": ",",
          "matrix": [
            3,
            8
          ],
          "x": 8,
          "y": 3
        },
        {
          "label": ".",
          "matrix": [
            3,
            9
          ],
          "x": 9,
          "y": 3
        },
        {
          "label": "/",
          "matrix": [
            3,
            10
          ],
          "x": 10,
          "y": 3
        },
        {
          "label": "Up",
          "matrix": [
            3,
            11
          ],
          "x": 11,
          "y": 3
        },
        {
          "label": "Right Shift",
          "matrix": [
            3,
            12
          ],
          "x": 12,
          "y": 3
        },
        {
          "label": "LCTL(KC_SPACE)",
          "matrix": [
            4,
            0
          ],
          "x": 0,
          "y": 4
        },
        {
          "label": "MO(2)",
          "matrix": [
            4,
            1
          ],
          "x": 1,
          "y": 4
        },
        {
          "label": "MO(1)",
          "matrix": [
            4,
            2
          ],
          "x": 2,
          "y": 4
        },
        {
          "label": "Left GUI",
          "matrix": [
            4,
            3
          ],
          "x": 3,
          "y": 4
        },
        {
          "label": "Left Alt",
          "matrix": [
            4,
            4
          ],
          "x": 4,
          "y": 4
        },
        {
          "label": "Spacebar",
          "matrix": [
            4,
            5
          ],
          "x": 5,
          "y": 4
        },
        {
          "label": "Enter",
          "matrix": [
            4,
            6
          ],
          "x": 6,
          "y": 4
        },
        {
          "label": "Backspace",
          "matrix": [
            4,
            7
          ],
          "x": 7,
          "y": 4
        },
        {
          "label": "Right Alt",
          "matrix": [
            4,
            8
          ],
          "x": 8,
          "y": 4
        },
        {
          "label": "Right GUI",
          "matrix": [
            4,
            9
          ],
          "x": 9,
          "y": 4
        },
        {
          "label": "Left",
          "matrix": [
            4,
            10
          ],
          "x": 10,
          "y": 4
        },
        {
          "label": "Down",
          "matrix": [
            4,
            11
          ],
          "x": 11,
          "y": 4
        },
        {
          "label": "Right",
          "matrix": [
            4,
            12
          ],
          "x": 12,
          "y": 4
        }
      ]
    }
  },
  "matrix_size": {
    "rows": 5,
    "cols": 13
  }
}