{
  "name": "GPK60-51O",
  "vendorId": "0xFEED",
  "productId": "0x1416",
  "lighting": "qmk_rgblight",
  "matrix": { "rows": 8, "cols":  7 },
  "layouts": {
      "LAYOUT": {
        "layout": [{"label":"1", "x":0, "y":0}, {"label":"2", "x":1.5, "y":0}, {"label":"3", "x":2.5, "y":0}, {"label":"4", "x":3.5, "y":0}, {"label":"5", "x":4.5, "y":0}, {"label":"6", "x":5.5, "y":0}, {"label":"7", "x":6.5, "y":0}, {"label":"8", "x":7.5, "y":0}, {"label":"9", "x":8.5, "y":0}, {"label":"10", "x":9.5, "y":0}, {"label":"11", "x":10.5, "y":0}, {"label":"12", "x":11.5, "y":0}, {"label":"13", "x":12.5, "y":0}, {"label":"14", "x":0, "y":1}, {"label":"15", "x":1.5, "y":1}, {"label":"16", "x":2.5, "y":1}, {"label":"17", "x":3.5, "y":1}, {"label":"18", "x":4.5, "y":1}, {"label":"19", "x":5.5, "y":1}, {"label":"20", "x":6.5, "y":1}, {"label":"21", "x":7.5, "y":1}, {"label":"22", "x":8.5, "y":1}, {"label":"23", "x":9.5, "y":1}, {"label":"24", "x":10.5, "y":1}, {"label":"25", "x":11.5, "y":1}, {"label":"26", "x":12.5, "y":1}, {"label":"27", "x":0, "y":2}, {"label":"28", "x":1.5, "y":2}, {"label":"29", "x":2.5, "y":2}, {"label":"30", "x":3.5, "y":2}, {"label":"31", "x":4.5, "y":2}, {"label":"32", "x":5.5, "y":2}, {"label":"33", "x":6.5, "y":2}, {"label":"34", "x":7.5, "y":2}, {"label":"35", "x":8.5, "y":2}, {"label":"36", "x":9.5, "y":2}, {"label":"37", "x":10.5, "y":2}, {"label":"38", "x":11.5, "y":2}, {"label":"39", "x":12.5, "y":2}, {"label":"40", "x":0, "y":3}, {"label":"41", "x":1.5, "y":3}, {"label":"42", "x":2.5, "y":3}, {"label":"43", "x":3.5, "y":3}, {"label":"44", "x":4.5, "y":3}, {"label":"45", "x":5.5, "y":3}, {"label":"46", "x":6.5, "y":3, "w":2}, {"label":"47", "x":8.5, "y":3}, {"label":"48", "x":9.5, "y":3}, {"label":"49", "x":10.5, "y":3}, {"label":"50", "x":11.5, "y":3}, {"label":"51", "x":12.5, "y":3}]
      }
  }
}