{
  "manufacturer": "Daraku-Neko",
  "maintainer": "Daraku-Neko",
  "keyboard_name": "GPK60-47VC1RE",
  "processor": "RP2040",
  "bootloader": "rp2040",
  "diode_direction": "COL2ROW",
  "usb": {
    "device_version": "1.0.0",
    "pid": "0x1427",
    "vid": "0x7A79"
},
  "features": {
      "audio": false,
      "backlight": false,
      "bootmagic": false,
      "command": false,
      "console": false,
      "encoder": true,
      "extrakey": true,
      "mousekey": true,
      "nkro": false,
      "oled": true,
      "via": true,
      "wpm": false
  },
  "matrix_pins": {
      "cols": ["GP27", "GP26", "GP25", "GP24", "GP23", "GP22", "GP21"],
      "rows": ["GP1", "GP2", "GP3", "GP4", "GP5", "GP6", "GP7", "GP10"]
  },
  "matrix_size": {
		"rows": 8,
		"cols": 7
  },
  "url": "",
  "layouts": {
    "LAYOUT": {
      "layout": [
        {
          "matrix": [
            0,
            0
          ],
          "x": 0,
          "y": 0
        },
        {
          "matrix": [
            0,
            1
          ],
          "x": 1,
          "y": 0
        },
        {
          "matrix": [
            0,
            2
          ],
          "x": 2,
          "y": 0
        },
        {
          "matrix": [
            0,
            3
          ],
          "x": 3,
          "y": 0
        },
        {
          "matrix": [
            0,
            4
          ],
          "x": 4,
          "y": 0
        },
        {
          "matrix": [
            0,
            5
          ],
          "x": 5,
          "y": 0
        },
        {
          "matrix": [
            0,
            6
          ],
          "x": 6,
          "y": 0
        },
        {
          "matrix": [
            1,
            0
          ],
          "x": 7,
          "y": 0
        },
        {
          "matrix": [
            1,
            1
          ],
          "x": 8,
          "y": 0
        },
        {
          "matrix": [
            1,
            2
          ],
          "x": 9,
          "y": 0
        },
        {
          "matrix": [
            1,
            3
          ],
          "x": 10,
          "y": 0
        },
        {
          "matrix": [
            1,
            4
          ],
          "x": 11,
          "y": 0
        },
        {
          "matrix": [
            1,
            5
          ],
          "x": 12,
          "y": 0
        },
        {
          "matrix": [
            1,
            6
          ],
          "w": 1.25,
          "x": 0,
          "y": 1
        },
        {
          "matrix": [
            2,
            0
          ],
          "x": 1.25,
          "y": 1
        },
        {
          "matrix": [
            2,
            1
          ],
          "x": 2.25,
          "y": 1
        },
        {
          "matrix": [
            2,
            2
          ],
          "x": 3.25,
          "y": 1
        },
        {
          "matrix": [
            2,
            3
          ],
          "x": 4.25,
          "y": 1
        },
        {
          "matrix": [
            2,
            4
          ],
          "x": 5.25,
          "y": 1
        },
        {
          "matrix": [
            2,
            5
          ],
          "x": 6.25,
          "y": 1
        },
        {
          "matrix": [
            2,
            6
          ],
          "x": 7.25,
          "y": 1
        },
        {
          "matrix": [
            3,
            0
          ],
          "x": 8.25,
          "y": 1
        },
        {
          "matrix": [
            3,
            1
          ],
          "x": 9.25,
          "y": 1
        },
        {
          "matrix": [
            3,
            2
          ],
          "x": 10.25,
          "y": 1
        },
        {
          "matrix": [
            3,
            3
          ],
          "w": 1.75,
          "x": 11.25,
          "y": 1
        },
        {
          "matrix": [
            3,
            4
          ],
          "w": 1.75,
          "x": 0,
          "y": 2
        },
        {
          "matrix": [
            3,
            5
          ],
          "x": 1.75,
          "y": 2
        },
        {
          "matrix": [
            3,
            6
          ],
          "x": 2.75,
          "y": 2
        },
        {
          "matrix": [
            4,
            0
          ],
          "x": 3.75,
          "y": 2
        },
        {
          "matrix": [
            4,
            1
          ],
          "x": 4.75,
          "y": 2
        },
        {
          "matrix": [
            4,
            2
          ],
          "x": 5.75,
          "y": 2
        },
        {
          "matrix": [
            4,
            3
          ],
          "x": 6.75,
          "y": 2
        },
        {
          "matrix": [
            4,
            4
          ],
          "x": 7.75,
          "y": 2
        },
        {
          "matrix": [
            4,
            5
          ],
          "x": 8.75,
          "y": 2
        },
        {
          "matrix": [
            4,
            6
          ],
          "x": 9.75,
          "y": 2
        },
        {
          "matrix": [
            5,
            0
          ],
          "w": 1.25,
          "x": 10.75,
          "y": 2
        },
        {
          "matrix": [
            5,
            1
          ],
          "x": 12,
          "y": 2
        },
        {
          "matrix": [
            5,
            2
          ],
          "w": 1.25,
          "x": 0,
          "y": 3
        },
        {
          "matrix": [
            5,
            3
          ],
          "x": 1.25,
          "y": 3
        },
        {
          "matrix": [
            5,
            4
          ],
          "x": 2.25,
          "y": 3
        },
        {
          "matrix": [
            5,
            5
          ],
          "x": 3.25,
          "y": 3
        },
        {
          "matrix": [
            5,
            6
          ],
          "w": 1.75,
          "x": 4.25,
          "y": 3
        },
        {
          "matrix": [
            6,
            0
          ],
          "w": 2.75,
          "x": 6,
          "y": 3
        },
        {
          "matrix": [
            6,
            1
          ],
          "x": 8.75,
          "y": 3
        },
        {
          "matrix": [
            6,
            2
          ],
          "x": 9.75,
          "y": 3
        },
        {
          "matrix": [
            6,
            3
          ],
          "x": 10.75,
          "y": 3
        },
        {
          "matrix": [
            6,
            4
          ],
          "w": 1.25,
          "x": 11.75,
          "y": 3
        },        
        {
          "matrix": [
            6,
            5
          ],
          "x": 13.75,
          "y": 2
        },
        {
          "matrix": [
            7,
            0
          ],
          "x": 13.75,
          "y": 1
        },
        {
          "matrix": [
            7,
            1
          ],
          "x": 13.75,
          "y": 3
        }
      ]
    }
  }
}