{
  "name": "Yamada Kakuko",
  "vendorId": "0x7A79",
  "productId": "0x1538",
  "lighting": "vialrgb",
  "matrix": {
    "rows": 6,
    "cols": 17
  },
  "layouts": {
    "labels": [],
    "keymap": [
      [
        {
          "c": "#ffffff",
          "p": "DSA"
        },
        "0,0",
        "0,1",
        "0,2",
        "0,3",
        "0,4",
        "0,5",
        "0,6",
        "0,7",
        "0,8",
        "0,9",
        "0,10",
        "0,11",
        "0,12",
        {
          "x": 0.25
        },
        "0,13",
        "0,14",
        "0,15",
        {
          "x": 1
        },
        "0,0\n\n\n\n\n\n\n\n\ne",
        "3,16",
        "0,1\n\n\n\n\n\n\n\n\ne"
      ],
      [
        {
          "y": 0.25
        },
        "1,0",
        "1,1",
        "1,2",
        "1,3",
        "1,4",
        "1,5",
        "1,6",
        "1,7",
        "1,8",
        "1,9",
        "1,10",
        "1,11",
        "1,12",
        {
          "x": 0.25
        },
        "1,13",
        {
          "c": "#eaeaea"
        },
        "1,14",
        "1,15",
        {
          "x": 1
        },
        "1,0\n\n\n\n\n\n\n\n\ne",
        "4,16",
        "1,1\n\n\n\n\n\n\n\n\ne"
      ],
      [
        "2,0",
        "2,1",
        "2,2",
        "2,3",
        "2,4",
        "2,5",
        "2,6",
        {
          "c": "#ffffff"
        },
        "2,7",
        "2,8",
        {
          "c": "#eaeaea"
        },
        "2,9",
        "2,10",
        "2,11",
        {
          "c": "#ffffff"
        },
        "2,12",
        {
          "x": 0.25,
          "c": "#eaeaea"
        },
        "2,13",
        "2,14",
        "2,15",
        {
          "x": 1
        },
        "2,0\n\n\n\n\n\n\n\n\ne",
        "5,16",
        "2,1\n\n\n\n\n\n\n\n\ne"
      ],
      [
        "3,0",
        "3,1",
        "3,2",
        "3,3",
        "3,4",
        "3,5",
        {
          "c": "#ffffff"
        },
        "3,6",
        "3,7",
        {
          "c": "#eaeaea"
        },
        "3,8",
        "3,9",
        "3,10",
        {
          "c": "#ffffff"
        },
        "3,11",
        {
          "c": "#eaeaea"
        },
        "3,12",
        {
          "x": 0.25
        },
        "3,13",
        "3,14",
        "3,15"
      ],
      [
        "4,0",
        "4,1",
        {
          "c": "#ffffff"
        },
        "4,2",
        "4,3",
        "4,4",
        "4,5",
        "4,6",
        {
          "c": "#eaeaea"
        },
        "4,7",
        {
          "c": "#ffffff"
        },
        "4,8",
        {
          "c": "#eaeaea"
        },
        "4,9",
        {
          "c": "#ffffff"
        },
        "4,10",
        "4,11",
        "4,12",
        {
          "x": 0.25
        },
        "4,13",
        "4,14",
        "4,15"
      ],
      [
        "5,0",
        "5,1",
        "5,2",
        "5,3",
        {
          "w": 2
        },
        "5,4",
        {
          "w": 2
        },
        "5,6",
        "5,8",
        "5,9",
        "5,10",
        "5,11",
        "5,12",
        {
          "x": 0.25
        },
        "5,13",
        "5,14",
        "5,15"
      ]
    ]
  }
}