{
  "name": "GPK60-60R",
  "vendorId": "0xFEED",
  "productId": "0x1421",
  "lighting": "qmk_backlight",
  "matrix": { "rows": 7, "cols":  9 },
  "layouts": {
    "LAYOUT": {
        "layout": [{"label":"0,0", "x":0, "y":0}, {"label":"0,1", "x":1, "y":0}, {"label":"0,2", "x":2, "y":0}, {"label":"0,3", "x":3, "y":0}, {"label":"0,4", "x":4, "y":0}, {"label":"0,5", "x":5, "y":0}, {"label":"0,6", "x":6, "y":0}, {"label":"0,7", "x":7, "y":0}, {"label":"0,8", "x":8, "y":0}, {"label":"1,0", "x":9, "y":0}, {"label":"1,1", "x":10, "y":0}, {"label":"1,2", "x":11, "y":0}, {"label":"1,3", "x":12, "y":0}, {"label":"1,4", "x":13, "y":0}, {"label":"1,5", "x":14, "y":0}, {"label":"1,6", "x":0, "y":1, "w":1.5}, {"label":"1,7", "x":1.5, "y":1}, {"label":"1,8", "x":2.5, "y":1}, {"label":"2,0", "x":3.5, "y":1}, {"label":"2,1", "x":4.5, "y":1}, {"label":"2,2", "x":5.5, "y":1}, {"label":"2,3", "x":6.5, "y":1}, {"label":"2,4", "x":7.5, "y":1}, {"label":"2,5", "x":8.5, "y":1}, {"label":"2,6", "x":9.5, "y":1}, {"label":"2,7", "x":10.5, "y":1}, {"label":"2,8", "x":11.5, "y":1}, {"label":"3,0", "x":12.5, "y":1}, {"label":"3,1", "x":13.5, "y":1, "w":1.5}, {"label":"3,2", "x":0, "y":2, "w":1.75}, {"label":"3,3", "x":1.75, "y":2}, {"label":"3,4", "x":2.75, "y":2}, {"label":"3,5", "x":3.75, "y":2}, {"label":"3,6", "x":4.75, "y":2}, {"label":"3,7", "x":5.75, "y":2}, {"label":"3,8", "x":6.75, "y":2}, {"label":"4,0", "x":7.75, "y":2}, {"label":"4,1", "x":8.75, "y":2}, {"label":"4,2", "x":9.75, "y":2}, {"label":"4,3", "x":10.75, "y":2}, {"label":"4,4", "x":11.75, "y":2}, {"label":"4,5", "x":12.75, "y":2, "w":2.25}, {"label":"4,6", "x":0, "y":3, "w":2.25}, {"label":"4,7", "x":2.25, "y":3}, {"label":"4,8", "x":3.25, "y":3}, {"label":"5,0", "x":4.25, "y":3}, {"label":"5,1", "x":5.25, "y":3}, {"label":"5,2", "x":6.25, "y":3}, {"label":"5,3", "x":7.25, "y":3}, {"label":"5,4", "x":8.25, "y":3}, {"label":"5,5", "x":9.25, "y":3}, {"label":"5,6", "x":10.25, "y":3}, {"label":"5,7", "x":11.25, "y":3}, {"label":"5,8", "x":12.25, "y":3, "w":1.75}, {"label":"6,0", "x":14, "y":3}, {"label":"6,1", "x":1.55, "y":4}, {"label":"6,2", "x":2.55, "y":4, "w":1.5}, {"label":"6,3", "x":4.05, "y":4, "w":6}, {"label":"6,4", "x":10.05, "y":4, "w":1.5}, {"label":"6,5", "x":11.55, "y":4}]
    }
    }
}