{
	"manufacturer": "Daraku-Neko",
	"keyboard_name": "NumNum Bento",
	"maintainer": "Daraku-Neko",
	"bootloader": "rp2040",
	"diode_direction": "COL2ROW",
	"processor": "RP2040",
	"usb": {
		"device_version": "1.0.0",
		"pid": "0x1540",
		"vid": "0x7A79"
	},
	"features": {
		"audio": false,
		"backlight": false,
		"bootmagic": false,
		"command": false,
		"console": false,
		"encoder": true,
		"extrakey": true,
		"mousekey": true,
		"nkro": true,
		"oled": false,
		"rgb_matrix": true,
		"via": false,
		"wpm": false
	},
	"dynamic_keymap": {
		"layer_count": 7
	},
	"matrix_pins": {
		"rows": [
			"GP4",
			"GP5",
			"GP6"
		],
		"cols": [
			"GP7",
			"GP8",
			"GP9",
			"GP10",
			"GP11",
			"GP29",
			"GP28",
			"GP27",
			"GP26",
			"GP25"
		]
	},
	"url": "",
	"encoder": {
		"enabled": true,
		"rotary": [
			{
				"pin_a": "GP12",
				"pin_b": "GP13"
			}
		]
	},
	"layouts": {
		"LAYOUT": {
			"layout": [
			{
				"label": "",
				"x": 3,
				"y": 0
			},
			{
				"label": "",
				"x": 4,
				"y": 0
			},
			{
				"label": "",
				"x": 5,
				"y": 0
			},
			{
				"label": "",
				"x": 6,
				"y": 0
			},
			{
				"label": "",
				"x": 7,
				"y": 0
			},
			{
				"label": "",
				"x": 3,
				"y": 1
			},
			{
				"label": "",
				"x": 4,
				"y": 1
			},
			{
				"label": "",
				"x": 5,
				"y": 1
			},
			{
				"label": "",
				"x": 6,
				"y": 1
			},
			{
				"label": "",
				"x": 7,
				"y": 1
			},
			{
				"label": "",
				"x": 1.75,
				"y": 2.5
			},
			{
				"label": "",
				"x": 8.25,
				"y": 2.5
			},
			{
				"label": "",
				"x": 0.75,
				"y": 3.5
			},
			{
				"label": "",
				"x": 1.75,
				"y": 3.5
			},
			{
				"label": "",
				"x": 2.75,
				"y": 3.5
			},
			{
				"label": "",
				"x": 7.25,
				"y": 3.5
			},
			{
				"label": "",
				"x": 8.25,
				"y": 3.5
			},
			{
				"label": "",
				"x": 9.25,
				"y": 3.5
			},
			{
				"label": "",
				"x": 1.75,
				"y": 4.5
			},
			{
				"label": "",
				"x": 6,
				"y": 7.25,
				"w": 1.75
			},
			{
				"label": "",
				"x": 8.25,
				"y": 7.25,
				"w": 1.75
			},
			{
				"label": "",
				"x": 0,
				"y": 9
			},
			{
				"label": "",
				"x": 1,
				"y": 9
			},
			{
				"label": "",
				"x": 3,
				"y": 9
			},
			{
				"label": "",
				"x": 4,
				"y": 9
			},
			{
				"label": "",
				"x": 6,
				"y": 9
			},
			{
				"label": "",
				"x": 7,
				"y": 9
			},
			{
				"label": "",
				"x": 9,
				"y": 9
			}
			]
		}
	},
  	"matrix_size": {
		"cols": 10,
		"rows": 3
	}
}