{
  "manufacturer": "Daraku-Neko",
  "keyboard_name": "Kawasaki39",
  "maintainer": "Daraku-Neko",
  "bootloader": "stm32-dfu",
  "diode_direction": "COL2ROW",
  "features": {
    "bootmagic": true,
    "command": false,
    "console": false,
    "extrakey": true,
    "mousekey": true,
    "nkro": true
  },
  "matrix_pins": {
    "rows": [
      "B3",
      "B4",
      "B5",
      "B6"
    ],
    "cols": [
      "A0",
      "A1",
      "A2",
      "A3",
      "A4",
      "A5",
      "A6",
      "A7",
      "A8",
      "A9"
    ]
  },
  "processor": "STM32L432",
  "url": "",
  "usb": {
    "device_version": "1.0.0",
    "pid": "0x1539",
    "vid": "0x7A79"
  },
  "layouts": {
    "LAYOUT": {
      "layout": [
        {
          "label": "Q",
          "matrix": [
            0,
            0
          ],
          "x": 0,
          "y": 0
        },
        {
          "label": "W",
          "matrix": [
            0,
            1
          ],
          "x": 1,
          "y": 0
        },
        {
          "label": "E",
          "matrix": [
            0,
            2
          ],
          "x": 2,
          "y": 0
        },
        {
          "label": "R",
          "matrix": [
            0,
            3
          ],
          "x": 3,
          "y": 0
        },
        {
          "label": "T",
          "matrix": [
            0,
            4
          ],
          "x": 4,
          "y": 0
        },
        {
          "label": "Y",
          "matrix": [
            0,
            5
          ],
          "x": 5,
          "y": 0
        },
        {
          "label": "U",
          "matrix": [
            0,
            6
          ],
          "x": 6,
          "y": 0
        },
        {
          "label": "I",
          "matrix": [
            0,
            7
          ],
          "x": 7,
          "y": 0
        },
        {
          "label": "O",
          "matrix": [
            0,
            8
          ],
          "x": 8,
          "y": 0
        },
        {
          "label": "P",
          "matrix": [
            0,
            9
          ],
          "x": 9,
          "y": 0
        },
        {
          "label": "A",
          "matrix": [
            1,
            0
          ],
          "x": 0,
          "y": 1
        },
        {
          "label": "S",
          "matrix": [
            1,
            1
          ],
          "x": 1,
          "y": 1
        },
        {
          "label": "D",
          "matrix": [
            1,
            2
          ],
          "x": 2,
          "y": 1
        },
        {
          "label": "F",
          "matrix": [
            1,
            3
          ],
          "x": 3,
          "y": 1
        },
        {
          "label": "G",
          "matrix": [
            1,
            4
          ],
          "x": 4,
          "y": 1
        },
        {
          "label": "H",
          "matrix": [
            1,
            5
          ],
          "x": 5,
          "y": 1
        },
        {
          "label": "J",
          "matrix": [
            1,
            6
          ],
          "x": 6,
          "y": 1
        },
        {
          "label": "K",
          "matrix": [
            1,
            7
          ],
          "x": 7,
          "y": 1
        },
        {
          "label": "L",
          "matrix": [
            1,
            8
          ],
          "x": 8,
          "y": 1
        },
        {
          "label": "Enter",
          "matrix": [
            1,
            9
          ],
          "x": 9,
          "y": 1
        },
        {
          "label": "Z",
          "matrix": [
            2,
            0
          ],
          "x": 0,
          "y": 2
        },
        {
          "label": "X",
          "matrix": [
            2,
            1
          ],
          "x": 1,
          "y": 2
        },
        {
          "label": "C",
          "matrix": [
            2,
            2
          ],
          "x": 2,
          "y": 2
        },
        {
          "label": "V",
          "matrix": [
            2,
            3
          ],
          "x": 3,
          "y": 2
        },
        {
          "label": "B",
          "matrix": [
            2,
            4
          ],
          "x": 4,
          "y": 2
        },
        {
          "label": "N",
          "matrix": [
            2,
            5
          ],
          "x": 5,
          "y": 2
        },
        {
          "label": "M",
          "matrix": [
            2,
            6
          ],
          "x": 6,
          "y": 2
        },
        {
          "label": ",",
          "matrix": [
            2,
            7
          ],
          "x": 7,
          "y": 2
        },
        {
          "label": ".",
          "matrix": [
            2,
            8
          ],
          "x": 8,
          "y": 2
        },
        {
          "label": "MT(MOD_LSFT, KC_SCLN)",
          "matrix": [
            2,
            9
          ],
          "x": 9,
          "y": 2
        },
        {
          "label": "MT(MOD_LSFT,KC_ESC)",
          "matrix": [
            3,
            0
          ],
          "x": 0,
          "y": 3
        },
        {
          "label": "MT(MOD_LCTL,KC_TAB)",
          "matrix": [
            3,
            1
          ],
          "x": 1,
          "y": 3
        },
        {
          "label": "Left GUI",
          "matrix": [
            3,
            2
          ],
          "x": 2,
          "y": 3
        },
        {
          "label": "Left Alt",
          "matrix": [
            3,
            3
          ],
          "x": 3,
          "y": 3
        },
        {
          "label": "LT(1, KC_SPC)",
          "matrix": [
            3,
            4
          ],
          "w": 2,
          "x": 4,
          "y": 3
        },
        {
          "label": "LT(1, KC_BSPC)",
          "matrix": [
            3,
            6
          ],
          "x": 6,
          "y": 3
        },
        {
          "label": "MO(2)",
          "matrix": [
            3,
            7
          ],
          "x": 7,
          "y": 3
        },
        {
          "label": "Right Alt",
          "matrix": [
            3,
            8
          ],
          "x": 8,
          "y": 3
        },
        {
          "label": "Delete",
          "matrix": [
            3,
            9
          ],
          "x": 9,
          "y": 3
        }
      ]
    }
  },
  "matrix_size": {
    "rows": 4,
    "cols": 10
  }
}