{
  "manufacturer": "Daraku-Neko",
  "keyboard_name": "GPK60-46W",
  "maintainer": "Daraku-Neko",
  "bootloader": "rp2040",
  "diode_direction": "COL2ROW",
  "features": {
    "console": false,
    "extrakey": true,
    "mousekey": true,
    "nkro": true,
    "rgblight": true
  },
  "matrix_pins": {
    "rows": [
      "GP1",
      "GP2",
      "GP3",
      "GP4"
    ],
    "cols": [
      "GP5",
      "GP6",
      "GP7",
      "GP8",
      "GP9",
      "GP10",
      "GP11",
      "GP12",
      "GP13",
      "GP14",
      "GP15",
      "GP26",
      "GP27",
      "GP28"
    ]
  },
  "processor": "RP2040",
  "url": "",
  "usb": {
    "device_version": "1.0.0",
    "pid": "0x1418",
    "vid": "0xFEED"
  },
  "ws2812": {
    "driver": "vendor",
    "pin": "GP0"
  },
  "rgblight": {
    "led_count": 8,
    "sleep": true,
    "animations": {
      "alternating": true,
      "breathing": true,
      "christmas": true,
      "knight": true,
      "rainbow_mood": true,
      "rainbow_swirl": true,
      "rgb_test": true,
      "snake": true,
      "static_gradient": true,
      "twinkle": true
    }
  },
  "layouts": {
    "LAYOUT": {
      "layout": [
        {
          "label": "ESC",
          "matrix": [
            0,
            0
          ],
          "x": 0,
          "y": 0
        },
        {
          "label": "Q",
          "matrix": [
            0,
            1
          ],
          "x": 1,
          "y": 0
        },
        {
          "label": "W",
          "matrix": [
            0,
            2
          ],
          "x": 2,
          "y": 0
        },
        {
          "label": "E",
          "matrix": [
            0,
            3
          ],
          "x": 3,
          "y": 0
        },
        {
          "label": "R",
          "matrix": [
            0,
            4
          ],
          "x": 4,
          "y": 0
        },
        {
          "label": "T",
          "matrix": [
            0,
            5
          ],
          "x": 5,
          "y": 0
        },
        {
          "label": "Y",
          "matrix": [
            0,
            8
          ],
          "x": 9.5,
          "y": 0
        },
        {
          "label": "U",
          "matrix": [
            0,
            9
          ],
          "x": 10.5,
          "y": 0
        },
        {
          "label": "I",
          "matrix": [
            0,
            10
          ],
          "x": 11.5,
          "y": 0
        },
        {
          "label": "O",
          "matrix": [
            0,
            11
          ],
          "x": 12.5,
          "y": 0
        },
        {
          "label": "P",
          "matrix": [
            0,
            12
          ],
          "x": 13.5,
          "y": 0
        },
        {
          "label": "\\",
          "matrix": [
            0,
            13
          ],
          "x": 14.5,
          "y": 0
        },
        {
          "label": "MT(MOD_LCTL,KC_TAB)",
          "matrix": [
            1,
            0
          ],
          "x": 0,
          "y": 1
        },
        {
          "label": "A",
          "matrix": [
            1,
            1
          ],
          "x": 1,
          "y": 1
        },
        {
          "label": "S",
          "matrix": [
            1,
            2
          ],
          "x": 2,
          "y": 1
        },
        {
          "label": "D",
          "matrix": [
            1,
            3
          ],
          "x": 3,
          "y": 1
        },
        {
          "label": "F",
          "matrix": [
            1,
            4
          ],
          "x": 4,
          "y": 1
        },
        {
          "label": "G",
          "matrix": [
            1,
            5
          ],
          "x": 5,
          "y": 1
        },
        {
          "label": "H",
          "matrix": [
            1,
            8
          ],
          "x": 9.5,
          "y": 1
        },
        {
          "label": "J",
          "matrix": [
            1,
            9
          ],
          "x": 10.5,
          "y": 1
        },
        {
          "label": "K",
          "matrix": [
            1,
            10
          ],
          "x": 11.5,
          "y": 1
        },
        {
          "label": "L",
          "matrix": [
            1,
            11
          ],
          "x": 12.5,
          "y": 1
        },
        {
          "label": ";",
          "matrix": [
            1,
            12
          ],
          "x": 13.5,
          "y": 1
        },
        {
          "label": "'",
          "matrix": [
            1,
            13
          ],
          "x": 14.5,
          "y": 1
        },
        {
          "label": "Left Shift",
          "matrix": [
            2,
            0
          ],
          "x": 0,
          "y": 2
        },
        {
          "label": "Z",
          "matrix": [
            2,
            1
          ],
          "x": 1,
          "y": 2
        },
        {
          "label": "X",
          "matrix": [
            2,
            2
          ],
          "x": 2,
          "y": 2
        },
        {
          "label": "C",
          "matrix": [
            2,
            3
          ],
          "x": 3,
          "y": 2
        },
        {
          "label": "V",
          "matrix": [
            2,
            4
          ],
          "x": 4,
          "y": 2
        },
        {
          "label": "B",
          "matrix": [
            2,
            5
          ],
          "x": 5,
          "y": 2
        },
        {
          "label": "[",
          "matrix": [
            2,
            6
          ],
          "x": 6,
          "y": 2
        },
        {
          "label": "]",
          "matrix": [
            2,
            7
          ],
          "x": 8.5,
          "y": 2
        },
        {
          "label": "N",
          "matrix": [
            2,
            8
          ],
          "x": 9.5,
          "y": 2
        },
        {
          "label": "M",
          "matrix": [
            2,
            9
          ],
          "x": 10.5,
          "y": 2
        },
        {
          "label": ",",
          "matrix": [
            2,
            10
          ],
          "x": 11.5,
          "y": 2
        },
        {
          "label": ".",
          "matrix": [
            2,
            11
          ],
          "x": 12.5,
          "y": 2
        },
        {
          "label": "/",
          "matrix": [
            2,
            12
          ],
          "x": 13.5,
          "y": 2
        },
        {
          "label": "MT(MOD_LSFT, KC_SCLN)",
          "matrix": [
            2,
            13
          ],
          "x": 14.5,
          "y": 2
        },
        {
          "label": "Left Alt",
          "matrix": [
            3,
            3
          ],
          "x": 3,
          "y": 3
        },
        {
          "label": "Left GUI",
          "matrix": [
            3,
            4
          ],
          "x": 4,
          "y": 3
        },
        {
          "label": "MO(2)",
          "matrix": [
            3,
            5
          ],
          "x": 5,
          "y": 3
        },
        {
          "label": "LT(1, KC_SPC)",
          "matrix": [
            3,
            6
          ],
          "x": 6,
          "y": 3
        },
        {
          "label": "LT(1, KC_ENT)",
          "matrix": [
            3,
            7
          ],
          "x": 8.5,
          "y": 3
        },
        {
          "label": "LT(2, KC_BSPC)",
          "matrix": [
            3,
            8
          ],
          "x": 9.5,
          "y": 3
        },
        {
          "label": "Right GUI",
          "matrix": [
            3,
            9
          ],
          "x": 10.5,
          "y": 3
        },
        {
          "label": "Right Alt",
          "matrix": [
            3,
            10
          ],
          "x": 11.5,
          "y": 3
        }
      ]
    }
  },
  "matrix_size": {
    "rows": 4,
    "cols": 14
  }
}