{
	"name": "GPK60-45C",
	"vendorId": "0xFEED",
	"productId": "0x1415",
	"lighting": "qmk_rgblight",
	"matrix": {
		"rows": 8,
		"cols": 6
	},
	"layouts": {
		"keymap": [
			[
				{
					"c": "#aaaaaa",
					"sm": "cherry"
				},
				"0,0",
				{
					"c": "#cccccc"
				},
				"0,1",
				"0,2",
				"0,3",
				"0,4",
				"0,5",
				{
					"x": 0.75
				},
				"3,3",
				"3,4",
				"3,5",
				"4,0",
				"4,1",
				"4,2",
				"4,3"
			],
			[
				{
					"c": "#aaaaaa"
				},
				"1,0",
				{
					"c": "#cccccc"
				},
				"1,1",
				"1,2",
				"1,3",
				"1,4",
				"1,5",
				{
					"x": 0.75
				},
				"4,4",
				"4,5",
				"5,0",
				"5,1",
				"5,2",
				"5,3",
				"5,4"
			],
			[
				{
					"c": "#aaaaaa"
				},
				"2,0",
				{
					"c": "#cccccc"
				},
				"2,1",
				"2,2",
				"2,3",
				"2,4",
				"2,5",
				{
					"x": 0.75
				},
				"5,5",
				"6,0",
				"6,1",
				"6,2",
				"6,3",
				{
					"c": "#aaaaaa"
				},
				"6,4",
				"6,5"
			],
			[
				{
					"x": 3
				},
				"3,0",
				"3,1",
				{
					"c": "#777777"
				},
				"3,2",
				{
					"x": 0.75
				},
				"7,0",
				{
					"c": "#aaaaaa"
				},
				"7,1",
				"7,2"
			]
		]
	}
}