{
  "keyboard_name": "Yamada6 Iteya",
  "maintainer": "Daraku-Neko",
  "bootloader": "rp2040",
  "processor": "RP2040",
  "diode_direction": "COL2ROW",
  "features": {
      "audio": false,
      "backlight": false,
      "bootmagic": false,
      "command": false,
      "console": false,
      "encoder": true,
      "extrakey": true,
      "mousekey": true,
      "nkro": false,
      "oled": false,
      "rgblight": false,
      "via": true,
      "wpm": false
  },
  "matrix_pins": {
      "cols": ["GP7", "GP8", "GP9", "GP10", "GP11", "GP12", "GP13", "GP14", "GP15", "GP16", "GP17", "GP19", "GP20", "GP21", "GP26"],
      "rows": ["GP1", "GP2", "GP3", "GP4", "GP5", "GP6"]
  },
  "matrix_size": {
      "cols": 15,
      "rows": 6
  },
  "double_tap_shift_turns_on": true,
  "dynamic_keymap": {
    "layer_count": 7
  },    
  "debounce": 5,
  "url": ""
}